FileID,Filename,N Sr,Nerr Sr,Nth Sr,Nbec Sr,OD Sr,sx Sr,sxerr Sr,sy Sr,syerr Sr,rx Sr,rxerr Sr,ry Sr,ryerr Sr,mx Sr,myerr Sr,my Sr,myerr Sr,T Sr,Terr Sr,sigma Sr,params Sr,Angle Sr,N K,Nerr K,Nth K,Nbec K,OD K,sx K,sxerr K,sy K,syerr K,rx K,rxerr K,ry K,ryerr K,mx K,myerr K,my K,myerr K,T K,Terr K,sigma K,params K,Angle K,N Rb,Nerr Rb,Nth Rb,Nbec Rb,OD Rb,ODerr Rb,sx Rb,sxerr Rb,sy Rb,syerr Rb,rx Rb,rxerr Rb,ry Rb,ryerr Rb,mx Rb,mxerr Rb,my Rb,myerr Rb,T Rb,Terr Rb,sigma Rb,Angle Rb,OD2 Rb,OD2err Rb,sx2 Rb,sx2err Rb,sy2 Rb,syerr Rb,N2 Rb,N2err Rb,params Rb,N total {*},m {*},rho Sr {*},rho K {*},rho Rb {*},dynamic [(mx_K^2+my_K^2)^2] {*},dynamic 2,dynamic 3,dynamic 4,dynamic 5,dynamic 6,dynamic 7,user {*},user2,user3,Omit,IterationNum,IterationCount,Dark_MOT_durati,Dumm,repumper_dark,dark_detuning,Imaging_det,1070_R1,1070_R2,1070_R3,1070_R4,1070_R5,1070_R6,1070_R7,t_exp,Rb_VCO,1550_R5,1550_R6,1550_R7,t_R1,t_R2,t_R3,t_R4,t_R5,t_R6,t_R7,vva_imag,on_1550,freq,time_freq,push_int,k_vco,k_dark_start,k_dark_rep,k_dark_vco,k_dark_cool_int,k_dark_aom,Dark2_MOT_durat,k_dark2_rep,k_dark2_vco,k_dark2_cool_in,k_dark2_aom,imag_k,k_imag_det,aom_img,gradient,feshbach,gradient2,mol_dur,k_mol_vco_1,k_mol_rep,k_mol_aom,k_mol_vco_2,tt,k_dark_dur,ri,r1,ci,c1,Remark,masked
0,,,,,,,,,,,,,,,,,,,,,,,,96.054503444028555,18.631511442827939,,,8.6367880024764379,28.272837441858453,0.63550038790702823,17.617353742450597,0.39599275256693367,,,,,212.38807506976758,0.151432,180.35690245913406,,0.22045958765189969,,5.2971575690449653,"Gauss2d, vertical, t_exp = 15.0ms, OD_max = 0.0",,,,,,,,,,,,,,,,,,,,,,,,,,,,,,,,,,,,,,,,,,,,,,,,,0.0,2.0,200.0,8.0,-1.95,-3.5,-6.1,-2.8,-2.725,-2.45,-2.075,-2.0,-1.664,-1.26,1.0,-6.05,-1.7,-1.3,-0.81,30.0,20.0,10.0,100.0,50.0,400.0,8000.0,-2.7,0.0,6.0,666.0,-7.0,-1.45,170.0,-0.65,-1.2,-1.7,-1.2,10.0,-0.61,-2.1,-1.55,-1.3,-2.0,-1.0,-2.0,-0.2,-0.185,-0.185,6.0,-0.275,-0.8,-2.1,-0.375,1.0,50.0,-0.75,-0.6,-5.0,-3.8,,False
1,,,,,,,,,,,,,,,,,,,,,,,,101.54021145461098,19.030228046659964,,,7.9103840624109285,31.267351477993465,0.67947018665075309,18.386285409305216,0.399552009806037,,,,,222.78786051037497,0.152517,181.13020204304036,,0.25810200878557193,,5.0300743207235366,"Gauss2d, vertical, t_exp = 15.0ms, OD_max = 0.0",,,,,,,,,,,,,,,,,,,,,,,,,,,,,,,,,,,,,,,,,,,,,,,,,12.0,40.0,200.0,7.0,-1.95,-3.5,-6.1,-2.8,-2.725,-2.45,-2.075,-2.0,-1.664,-1.26,1.0,-6.05,-1.7,-1.3,-0.81,30.0,20.0,10.0,100.0,50.0,400.0,8000.0,-2.7,0.0,6.0,666.0,-7.0,-1.45,170.0,-0.65,-1.2,-1.7,-1.2,10.0,-0.61,-2.1,-1.55,-1.3,-2.0,-1.0,-2.0,-0.2,-0.185,-0.185,6.0,-0.275,-0.8,-2.1,-0.375,1.0,50.0,-0.75,-0.6,-5.0,-3.8,,False
2,,,,,,,,,,,,,,,,,,,,,,,,96.112049061696823,14.753580368920284,,,11.17463543784543,25.587823686402018,0.45477901485562328,15.054132091208659,0.26756098542362455,,,,,224.38658452542413,0.102582,179.46095423923794,,0.17291730357148899,,4.7780865664398453,"Gauss2d, vertical, t_exp = 15.0ms, OD_max = 0.0",,,,,,,,,,,,,,,,,,,,,,,,,,,,,,,,,,,,,,,,,,,,,,,,,7.0,40.0,200.0,4.0,-1.95,-3.5,-6.1,-2.8,-2.725,-2.45,-2.075,-2.0,-1.664,-1.26,1.0,-6.05,-1.7,-1.3,-0.81,30.0,20.0,10.0,100.0,50.0,400.0,8000.0,-2.7,0.0,6.0,666.0,-7.0,-1.45,170.0,-0.65,-1.2,-1.7,-1.2,10.0,-0.61,-2.1,-1.55,-1.3,-2.0,-1.0,-2.0,-0.2,-0.185,-0.185,6.0,-0.275,-0.8,-2.1,-0.375,1.0,50.0,-0.75,-0.6,-5.0,-3.8,,False
3,,,,,,,,,,,,,,,,,,,,,,,,105.02338884481573,26.975156862741343,,,11.301373211180334,25.644510695065602,0.7628163261711598,16.229494493544316,0.4827591019868851,,,,,209.13071011858099,0.18496,178.33083564721386,,0.18356008992090764,,8.4006302063368405,"Gauss2d, vertical, t_exp = 15.0ms, OD_max = 0.0",,,,,,,,,,,,,,,,,,,,,,,,,,,,,,,,,,,,,,,,,,,,,,,,,2.0,40.0,200.0,2.0,-1.95,-3.5,-6.1,-2.8,-2.725,-2.45,-2.075,-2.0,-1.664,-1.26,1.0,-6.05,-1.7,-1.3,-0.81,30.0,20.0,10.0,100.0,50.0,400.0,8000.0,-2.7,0.0,6.0,666.0,-7.0,-1.45,170.0,-0.65,-1.2,-1.7,-1.2,10.0,-0.61,-2.1,-1.55,-1.3,-2.0,-1.0,-2.0,-0.2,-0.185,-0.185,6.0,-0.275,-0.8,-2.1,-0.375,1.0,50.0,-0.75,-0.6,-5.0,-3.8,,False
4,,111.50577956432748,8.6784741404764869,,,13.182743547640865,24.860375165769497,0.22346378123015168,15.238018472499281,0.13697081383690238,,,,,214.90912497957575,0.052915,181.7780786586986,,0.16832290063829958,,2.848751740103892,"Gauss2d, vertical, t_exp = 15.0ms, OD_max = 0.0",,109.69346062013695,8.3409321668698002,,,13.225136183594847,24.633643397640736,0.21685321165621282,15.079833072202119,0.13274979997053743,,,,,214.91624377185482,0.0509117,181.77932450265183,,0.16510684150013422,,2.7513303857580271,"Gauss2d, vertical, t_exp = 15.0ms, OD_max = 0.0",,111.50577956432748,8.6784741404764869,,,13.182743547640865,0.592138,24.860375165769497,0.22346378123015168,15.238018472499281,0.13697081383690238,,,,,214.90912497957575,0.0863293,181.7780786586986,0.052915,0.16832290063829958,,2.848751740103892,,,,,,,,,,"Gauss2d, vertical, t_exp = 15.0ms, OD_max = 0.0",,,,,,,,,,,,,,,,,25.0,40.0,200.0,13.0,-1.95,-3.5,-6.1,-2.8,-2.725,-2.45,-2.075,-2.0,-1.664,-1.26,1.0,-6.05,-1.7,-1.3,-0.81,30.0,20.0,10.0,100.0,50.0,400.0,8000.0,-2.7,0.0,6.0,666.0,-7.0,-1.45,170.0,-0.65,-1.2,-1.7,-1.2,10.0,-0.61,-2.1,-1.55,-1.3,-2.0,-1.0,-2.0,-0.2,-0.185,-0.185,6.0,-0.275,-0.8,-2.1,-0.375,1.0,50.0,-0.75,-0.6,-5.0,-3.8,,False
5,,,,,,,,,,,,,,,,,,,,,,,,102.07229470695691,25.083402878503264,,,11.224370793778975,25.988614985178586,0.73957194393873216,15.671383456318376,0.44596895691752436,,,,,216.47471651344836,0.170899,181.93269701312076,,0.18168863220348691,,7.8976455126715202,"Gauss2d, vertical, t_exp = 15.0ms, OD_max = 0.0",,,,,,,,,,,,,,,,,,,,,,,,,,,,,,,,,,,,,,,,,,,,,,,,,34.0,40.0,200.0,18.0,-1.95,-3.5,-6.1,-2.8,-2.725,-2.45,-2.075,-2.0,-1.664,-1.26,1.0,-6.05,-1.7,-1.3,-0.81,30.0,20.0,10.0,100.0,50.0,400.0,8000.0,-2.7,0.0,6.0,666.0,-7.0,-1.45,170.0,-0.65,-1.2,-1.7,-1.2,10.0,-0.61,-2.1,-1.55,-1.3,-2.0,-1.0,-2.0,-0.2,-0.185,-0.185,6.0,-0.275,-0.8,-2.1,-0.375,1.0,50.0,-0.75,-0.6,-5.0,-3.8,,False
6,,,,,,,,,,,,,,,,,,,,,,,,104.03414241062107,25.622737417176424,,,10.119390296019468,28.775180181770494,0.8210310950279236,16.001035633825897,0.45655131910741331,,,,,210.04924971620812,0.174742,182.61828606913772,,0.20988627071572452,,7.5813397133296387,"Gauss2d, vertical, t_exp = 15.0ms, OD_max = 0.0",,,,,,,,,,,,,,,,,,,,,,,,,,,,,,,,,,,,,,,,,,,,,,,,,22.0,40.0,200.0,12.0,-1.95,-3.5,-6.1,-2.8,-2.725,-2.45,-2.075,-2.0,-1.664,-1.26,1.0,-6.05,-1.7,-1.3,-0.81,30.0,20.0,10.0,100.0,50.0,400.0,8000.0,-2.7,0.0,6.0,666.0,-7.0,-1.45,170.0,-0.65,-1.2,-1.7,-1.2,10.0,-0.61,-2.1,-1.55,-1.3,-2.0,-1.0,-2.0,-0.2,-0.185,-0.185,6.0,-0.275,-0.8,-2.1,-0.375,1.0,50.0,-0.75,-0.6,-5.0,-3.8,,False
7,,,,,,,,,,,,,,,,,,,,,,,,104.39670056272087,21.244395289981803,,,10.007225129926198,25.777823263598197,0.60774030165374282,18.124726440959861,0.42731020714342599,,,,,203.34418049299487,0.163525,180.43721190400191,,0.20177564452928207,,6.239409948105588,"Gauss2d, vertical, t_exp = 15.0ms, OD_max = 0.0",,,,,,,,,,,,,,,,,,,,,,,,,,,,,,,,,,,,,,,,,,,,,,,,,18.0,40.0,200.0,10.0,-1.95,-3.5,-6.1,-2.8,-2.725,-2.45,-2.075,-2.0,-1.664,-1.26,1.0,-6.05,-1.7,-1.3,-0.81,30.0,20.0,10.0,100.0,50.0,400.0,8000.0,-2.7,0.0,6.0,666.0,-7.0,-1.45,170.0,-0.65,-1.2,-1.7,-1.2,10.0,-0.61,-2.1,-1.55,-1.3,-2.0,-1.0,-2.0,-0.2,-0.185,-0.185,6.0,-0.275,-0.8,-2.1,-0.375,1.0,50.0,-0.75,-0.6,-5.0,-3.8,,False
8,,,,,,,,,,,,,,,,,,,,,,,,94.111596573687137,15.220190288676188,,,10.29815685050697,26.354968400230295,0.49358810262382036,15.529795550499573,0.2908491789400578,,,,,225.04344193876088,0.11145,184.29318600975427,,0.18365442687472408,,4.7802328782609189,"Gauss2d, vertical, t_exp = 15.0ms, OD_max = 0.0",,,,,,,,,,,,,,,,,,,,,,,,,,,,,,,,,,,,,,,,,,,,,,,,,28.0,40.0,200.0,15.0,-1.95,-3.5,-6.1,-2.8,-2.725,-2.45,-2.075,-2.0,-1.664,-1.26,1.0,-6.05,-1.7,-1.3,-0.81,30.0,20.0,10.0,100.0,50.0,400.0,8000.0,-2.7,0.0,6.0,666.0,-7.0,-1.45,170.0,-0.65,-1.2,-1.7,-1.2,10.0,-0.61,-2.1,-1.55,-1.3,-2.0,-1.0,-2.0,-0.2,-0.185,-0.185,6.0,-0.275,-0.8,-2.1,-0.375,1.0,50.0,-0.75,-0.6,-5.0,-3.8,,False
9,,,,,,,,,,,,,,,,,,,,,,,,118.24743812202657,21.462675538778328,,,11.92599170956597,29.045770153784765,0.61067949333786964,15.28829098363493,0.32143219217658048,,,,,209.95893744703713,0.123072,180.12425669535298,,0.20576158108810966,,6.4680859724265138,"Gauss2d, vertical, t_exp = 15.0ms, OD_max = 0.0",,,,,,,,,,,,,,,,,,,,,,,,,,,,,,,,,,,,,,,,,,,,,,,,,23.0,40.0,200.0,12.0,-1.95,-3.5,-6.1,-2.8,-2.725,-2.45,-2.075,-2.0,-1.664,-1.26,1.0,-6.05,-1.7,-1.3,-0.81,30.0,20.0,10.0,100.0,50.0,400.0,8000.0,-2.7,0.0,6.0,666.0,-7.0,-1.45,170.0,-0.65,-1.2,-1.7,-1.2,10.0,-0.61,-2.1,-1.55,-1.3,-2.0,-1.0,-2.0,-0.2,-0.185,-0.185,6.0,-0.275,-0.8,-2.1,-0.375,1.0,50.0,-0.75,-0.6,-5.0,-3.8,,False
10,,,,,,,,,,,,,,,,,,,,,,,,92.993604422721631,13.330752800626685,,,10.006305047832294,23.112629698518596,0.38370608709752563,18.008377283489288,0.29896739251911641,,,,,203.28221429225235,0.114543,180.82199639520485,,0.17701771856851425,,4.1513569992861834,"Gauss2d, vertical, t_exp = 15.0ms, OD_max = 0.0",,,,,,,,,,,,,,,,,,,,,,,,,,,,,,,,,,,,,,,,,,,,,,,,,17.0,40.0,200.0,9.0,-1.95,-3.5,-6.1,-2.8,-2.725,-2.45,-2.075,-2.0,-1.664,-1.26,1.0,-6.05,-1.7,-1.3,-0.81,30.0,20.0,10.0,100.0,50.0,400.0,8000.0,-2.7,0.0,6.0,666.0,-7.0,-1.45,170.0,-0.65,-1.2,-1.7,-1.2,10.0,-0.61,-2.1,-1.55,-1.3,-2.0,-1.0,-2.0,-0.2,-0.185,-0.185,6.0,-0.275,-0.8,-2.1,-0.375,1.0,50.0,-0.75,-0.6,-5.0,-3.8,,False
11,,207.80614889004937,320.52302543867989,,,0.55012652379172411,35.874015492366439,4.288956706285477,471.58547187599117,122.75910275268555,,,,,203.29010592847698,54.0751,83.679426823027669,,26.958269433668566,,8.9556786458398534,"Gauss2d, vertical, t_exp = 15.0ms, OD_max = 0.0",,98.035743755822793,15.158714950948111,,,10.833973821142092,24.905099588555483,0.44594201095402242,16.27245138302716,0.29136884283274417,,,,,203.66433203686802,0.11166,178.33292861410106,,0.17750487442733018,,4.7847741660960681,"Gauss2d, vertical, t_exp = 15.0ms, OD_max = 0.0",,207.80614889004937,320.52302543867989,,,0.55012652379172411,0.314895,35.874015492366439,4.288956706285477,471.58547187599117,122.75910275268555,,,,,203.29010592847698,1.63021,83.679426823027669,54.0751,26.958269433668566,,8.9556786458398534,,,,,,,,,,"Gauss2d, vertical, t_exp = 15.0ms, OD_max = 0.0",,,,,,,,,,,,,,,,,0.0,40.0,200.0,1.0,-1.95,-3.5,-6.1,-2.8,-2.725,-2.45,-2.075,-2.0,-1.664,-1.26,1.0,-6.05,-1.7,-1.3,-0.81,30.0,20.0,10.0,100.0,50.0,400.0,8000.0,-2.7,0.0,6.0,666.0,-7.0,-1.45,170.0,-0.65,-1.2,-1.7,-1.2,10.0,-0.61,-2.1,-1.55,-1.3,-2.0,-1.0,-2.0,-0.2,-0.185,-0.185,6.0,-0.275,-0.8,-2.1,-0.375,1.0,50.0,-0.75,-0.6,-5.0,-3.8,,False
12,,,,,,,,,,,,,,,,,,,,,,,,107.30043374974467,15.698030212913064,,,11.059645622559602,24.975161894635427,0.42321314856410031,17.397888905042247,0.29481347371637823,,,,,209.78723390281371,0.112905,181.5361316888058,,0.18796142294671889,,4.7832045262825709,"Gauss2d, vertical, t_exp = 15.0ms, OD_max = 0.0",,,,,,,,,,,,,,,,,,,,,,,,,,,,,,,,,,,,,,,,,,,,,,,,,37.0,40.0,200.0,19.0,-1.95,-3.5,-6.1,-2.8,-2.725,-2.45,-2.075,-2.0,-1.664,-1.26,1.0,-6.05,-1.7,-1.3,-0.81,30.0,20.0,10.0,100.0,50.0,400.0,8000.0,-2.7,0.0,6.0,666.0,-7.0,-1.45,170.0,-0.65,-1.2,-1.7,-1.2,10.0,-0.61,-2.1,-1.55,-1.3,-2.0,-1.0,-2.0,-0.2,-0.185,-0.185,6.0,-0.275,-0.8,-2.1,-0.375,1.0,50.0,-0.75,-0.6,-5.0,-3.8,,False
13,,,,,,,,,,,,,,,,,,,,,,,,104.36608856995537,22.733302656304176,,,9.2272102184791045,28.472109459427145,0.71873211309313778,17.791556612065722,0.44911882054805757,,,,,211.38790039505722,0.171714,180.08633353504726,,0.22406258696677764,,6.4082296708935687,"Gauss2d, vertical, t_exp = 15.0ms, OD_max = 0.0",,,,,,,,,,,,,,,,,,,,,,,,,,,,,,,,,,,,,,,,,,,,,,,,,15.0,40.0,200.0,8.0,-1.95,-3.5,-6.1,-2.8,-2.725,-2.45,-2.075,-2.0,-1.664,-1.26,1.0,-6.05,-1.7,-1.3,-0.81,30.0,20.0,10.0,100.0,50.0,400.0,8000.0,-2.7,0.0,6.0,666.0,-7.0,-1.45,170.0,-0.65,-1.2,-1.7,-1.2,10.0,-0.61,-2.1,-1.55,-1.3,-2.0,-1.0,-2.0,-0.2,-0.185,-0.185,6.0,-0.275,-0.8,-2.1,-0.375,1.0,50.0,-0.75,-0.6,-5.0,-3.8,,False
14,,,,,,,,,,,,,,,,,,,,,,,,110.46011449866384,15.287226478191336,,,12.239682883889351,26.424864669659573,0.42349155163764957,15.295622289024537,0.24513140055537225,,,,,218.28282247979703,0.0939427,178.55639240015074,,0.18221662331826519,,4.8318728707446859,"Gauss2d, vertical, t_exp = 15.0ms, OD_max = 0.0",,,,,,,,,,,,,,,,,,,,,,,,,,,,,,,,,,,,,,,,,,,,,,,,,4.0,40.0,200.0,3.0,-1.95,-3.5,-6.1,-2.8,-2.725,-2.45,-2.075,-2.0,-1.664,-1.26,1.0,-6.05,-1.7,-1.3,-0.81,30.0,20.0,10.0,100.0,50.0,400.0,8000.0,-2.7,0.0,6.0,666.0,-7.0,-1.45,170.0,-0.65,-1.2,-1.7,-1.2,10.0,-0.61,-2.1,-1.55,-1.3,-2.0,-1.0,-2.0,-0.2,-0.185,-0.185,6.0,-0.275,-0.8,-2.1,-0.375,1.0,50.0,-0.75,-0.6,-5.0,-3.8,,False
15,,,,,,,,,,,,,,,,,,,,,,,,99.962118150604852,22.952761327299502,,,9.2694033066963808,27.978168584408284,0.74436315983533863,17.262710527574594,0.45927687054872518,,,,,205.83844241571455,0.175694,181.01856759761134,,0.21426504560454873,,6.6286137362587771,"Gauss2d, vertical, t_exp = 15.0ms, OD_max = 0.0",,,,,,,,,,,,,,,,,,,,,,,,,,,,,,,,,,,,,,,,,,,,,,,,,39.0,40.0,200.0,20.0,-1.95,-3.5,-6.1,-2.8,-2.725,-2.45,-2.075,-2.0,-1.664,-1.26,1.0,-6.05,-1.7,-1.3,-0.81,30.0,20.0,10.0,100.0,50.0,400.0,8000.0,-2.7,0.0,6.0,666.0,-7.0,-1.45,170.0,-0.65,-1.2,-1.7,-1.2,10.0,-0.61,-2.1,-1.55,-1.3,-2.0,-1.0,-2.0,-0.2,-0.185,-0.185,6.0,-0.275,-0.8,-2.1,-0.375,1.0,50.0,-0.75,-0.6,-5.0,-3.8,,False
16,,,,,,,,,,,,,,,,,,,,,,,,112.36564758175233,16.665995718304096,,,11.638236248853115,26.230162270279923,0.45060809580981737,16.48504025894221,0.28319658312946561,,,,,212.90163801314603,0.108461,182.15182004834423,,0.19100916077170435,,5.0906828239297228,"Gauss2d, vertical, t_exp = 15.0ms, OD_max = 0.0",,,,,,,,,,,,,,,,,,,,,,,,,,,,,,,,,,,,,,,,,,,,,,,,,35.0,40.0,200.0,18.0,-1.95,-3.5,-6.1,-2.8,-2.725,-2.45,-2.075,-2.0,-1.664,-1.26,1.0,-6.05,-1.7,-1.3,-0.81,30.0,20.0,10.0,100.0,50.0,400.0,8000.0,-2.7,0.0,6.0,666.0,-7.0,-1.45,170.0,-0.65,-1.2,-1.7,-1.2,10.0,-0.61,-2.1,-1.55,-1.3,-2.0,-1.0,-2.0,-0.2,-0.185,-0.185,6.0,-0.275,-0.8,-2.1,-0.375,1.0,50.0,-0.75,-0.6,-5.0,-3.8,,False
17,,,,,,,,,,,,,,,,,,,,,,,,98.534185157431452,15.874597124303275,,,9.8786097286116252,25.135020175343939,0.46907463875412947,17.772824904931287,0.33167998495697976,,,,,210.24626162713503,0.126988,182.39923728207614,,0.19273592148516874,,4.7695783655927588,"Gauss2d, vertical, t_exp = 15.0ms, OD_max = 0.0",,,,,,,,,,,,,,,,,,,,,,,,,,,,,,,,,,,,,,,,,,,,,,,,,36.0,40.0,200.0,19.0,-1.95,-3.5,-6.1,-2.8,-2.725,-2.45,-2.075,-2.0,-1.664,-1.26,1.0,-6.05,-1.7,-1.3,-0.81,30.0,20.0,10.0,100.0,50.0,400.0,8000.0,-2.7,0.0,6.0,666.0,-7.0,-1.45,170.0,-0.65,-1.2,-1.7,-1.2,10.0,-0.61,-2.1,-1.55,-1.3,-2.0,-1.0,-2.0,-0.2,-0.185,-0.185,6.0,-0.275,-0.8,-2.1,-0.375,1.0,50.0,-0.75,-0.6,-5.0,-3.8,,False
18,,,,,,,,,,,,,,,,,,,,,,,,104.49429424686272,17.196292350747296,,,15.255680759857672,21.229482881055912,0.40427738349139691,14.449944156141536,0.27517325866222386,,,,,221.7500510166378,0.105685,184.42375590750319,,0.13326772988181176,,6.247982182816326,"Gauss2d, vertical, t_exp = 15.0ms, OD_max = 0.0",,,,,,,,,,,,,,,,,,,,,,,,,,,,,,,,,,,,,,,,,,,,,,,,,26.0,40.0,200.0,14.0,-1.95,-3.5,-6.1,-2.8,-2.725,-2.45,-2.075,-2.0,-1.664,-1.26,1.0,-6.05,-1.7,-1.3,-0.81,30.0,20.0,10.0,100.0,50.0,400.0,8000.0,-2.7,0.0,6.0,666.0,-7.0,-1.45,170.0,-0.65,-1.2,-1.7,-1.2,10.0,-0.61,-2.1,-1.55,-1.3,-2.0,-1.0,-2.0,-0.2,-0.185,-0.185,6.0,-0.275,-0.8,-2.1,-0.375,1.0,50.0,-0.75,-0.6,-5.0,-3.8,,False
19,,,,,,,,,,,,,,,,,,,,,,,,105.32518847905715,19.861491288372111,,,9.1936236814680079,29.165444536547135,0.63740306590497497,17.592255380840228,0.38447410488128664,,,,,225.76855176433119,0.146976,181.35433154079863,,0.22887351291996105,,5.5624324308224047,"Gauss2d, vertical, t_exp = 15.0ms, OD_max = 0.0",,,,,,,,,,,,,,,,,,,,,,,,,,,,,,,,,,,,,,,,,,,,,,,,,11.0,40.0,200.0,6.0,-1.95,-3.5,-6.1,-2.8,-2.725,-2.45,-2.075,-2.0,-1.664,-1.26,1.0,-6.05,-1.7,-1.3,-0.81,30.0,20.0,10.0,100.0,50.0,400.0,8000.0,-2.7,0.0,6.0,666.0,-7.0,-1.45,170.0,-0.65,-1.2,-1.7,-1.2,10.0,-0.61,-2.1,-1.55,-1.3,-2.0,-1.0,-2.0,-0.2,-0.185,-0.185,6.0,-0.275,-0.8,-2.1,-0.375,1.0,50.0,-0.75,-0.6,-5.0,-3.8,,False
20,,,,,,,,,,,,,,,,,,,,,,,,99.891584361247567,18.26082306702331,,,10.352856068695674,27.512639294794987,0.58253649684786801,15.706559723843062,0.33256141479313378,,,,,227.90956380445704,0.127368,180.27926093472971,,0.19554318487942007,,5.5796354771278649,"Gauss2d, vertical, t_exp = 15.0ms, OD_max = 0.0",,,,,,,,,,,,,,,,,,,,,,,,,,,,,,,,,,,,,,,,,,,,,,,,,9.0,40.0,200.0,5.0,-1.95,-3.5,-6.1,-2.8,-2.725,-2.45,-2.075,-2.0,-1.664,-1.26,1.0,-6.05,-1.7,-1.3,-0.81,30.0,20.0,10.0,100.0,50.0,400.0,8000.0,-2.7,0.0,6.0,666.0,-7.0,-1.45,170.0,-0.65,-1.2,-1.7,-1.2,10.0,-0.61,-2.1,-1.55,-1.3,-2.0,-1.0,-2.0,-0.2,-0.185,-0.185,6.0,-0.275,-0.8,-2.1,-0.375,1.0,50.0,-0.75,-0.6,-5.0,-3.8,,False
21,,,,,,,,,,,,,,,,,,,,,,,,94.893155281076133,18.021664173387855,,,9.0282431881150487,27.478633314616822,0.60461780802905563,17.130936653446518,0.37693532589077955,,,,,206.10376092050765,0.144235,179.57215434918126,,0.20832688979774161,,5.2727984866391227,"Gauss2d, vertical, t_exp = 15.0ms, OD_max = 0.0",,,,,,,,,,,,,,,,,,,,,,,,,,,,,,,,,,,,,,,,,,,,,,,,,38.0,40.0,200.0,20.0,-1.95,-3.5,-6.1,-2.8,-2.725,-2.45,-2.075,-2.0,-1.664,-1.26,1.0,-6.05,-1.7,-1.3,-0.81,30.0,20.0,10.0,100.0,50.0,400.0,8000.0,-2.7,0.0,6.0,666.0,-7.0,-1.45,170.0,-0.65,-1.2,-1.7,-1.2,10.0,-0.61,-2.1,-1.55,-1.3,-2.0,-1.0,-2.0,-0.2,-0.185,-0.185,6.0,-0.275,-0.8,-2.1,-0.375,1.0,50.0,-0.75,-0.6,-5.0,-3.8,,False
22,,110.88712399007048,7.8257870021152263,,,13.683843143526184,25.419971522198228,0.20719150321930649,14.277184501448874,0.11636956463381649,,,,,215.15363852623179,0.0449574,181.54565103999943,,0.16497116646587948,,2.6245545503572068,"Gauss2d, vertical, t_exp = 15.0ms, OD_max = 0.0",,109.36952646403718,8.1210320620573579,,,13.685369139483274,25.255538847763663,0.21708589525520802,14.171890097654108,0.12181554045900703,,,,,215.15691392118393,0.0467323,181.54690660134955,,0.16273694999192162,,2.7295925439948152,"Gauss2d, vertical, t_exp = 15.0ms, OD_max = 0.0",,110.88712399007048,7.8257870021152263,,,13.683843143526184,0.557357,25.419971522198228,0.20719150321930649,14.277184501448874,0.11636956463381649,,,,,215.15363852623179,0.0800449,181.54565103999943,0.0449574,0.16497116646587948,,2.6245545503572068,,,,,,,,,,"Gauss2d, vertical, t_exp = 15.0ms, OD_max = 0.0",,,,,,,,,,,,,,,,,24.0,40.0,200.0,13.0,-1.95,-3.5,-6.1,-2.8,-2.725,-2.45,-2.075,-2.0,-1.664,-1.26,1.0,-6.05,-1.7,-1.3,-0.81,30.0,20.0,10.0,100.0,50.0,400.0,8000.0,-2.7,0.0,6.0,666.0,-7.0,-1.45,170.0,-0.65,-1.2,-1.7,-1.2,10.0,-0.61,-2.1,-1.55,-1.3,-2.0,-1.0,-2.0,-0.2,-0.185,-0.185,6.0,-0.275,-0.8,-2.1,-0.375,1.0,50.0,-0.75,-0.6,-5.0,-3.8,,False
23,,744.52313642549507,1232.0486425575214,,,0.62738023096375906,833.5753189167574,220.77628766632083,63.759825591380356,10.449002877235413,,,,,28.78375875676727,4.71288,11.367652848355261,,84.29437822425777,,9.1493060050071406,"Gauss2d, vertical, t_exp = 15.0ms, OD_max = 0.0",,110.24074097398169,25.747468483040933,,,10.493447110458023,29.713458534407795,0.80402707412838936,15.834900543081144,0.42848214453458788,,,,,221.46547951017214,0.163961,183.84551095145792,,0.21718745094176192,,7.5350486615994008,"Gauss2d, vertical, t_exp = 15.0ms, OD_max = 0.0",,744.52313642549507,1232.0486425575214,,,0.62738023096375906,0.351161,833.5753189167574,220.77628766632083,63.759825591380356,10.449002877235413,,,,,28.78375875676727,120.618,11.367652848355261,4.71288,84.29437822425777,,9.1493060050071406,,,,,,,,,,"Gauss2d, vertical, t_exp = 15.0ms, OD_max = 0.0",,,,,,,,,,,,,,,,,33.0,40.0,200.0,17.0,-1.95,-3.5,-6.1,-2.8,-2.725,-2.45,-2.075,-2.0,-1.664,-1.26,1.0,-6.05,-1.7,-1.3,-0.81,30.0,20.0,10.0,100.0,50.0,400.0,8000.0,-2.7,0.0,6.0,666.0,-7.0,-1.45,170.0,-0.65,-1.2,-1.7,-1.2,10.0,-0.61,-2.1,-1.55,-1.3,-2.0,-1.0,-2.0,-0.2,-0.185,-0.185,6.0,-0.275,-0.8,-2.1,-0.375,1.0,50.0,-0.75,-0.6,-5.0,-3.8,,False
24,,,,,,,,,,,,,,,,,,,,,,,,110.04996805056523,16.278626082415681,,,11.670410601762075,27.368412281363636,0.46886184659600261,15.431167321045285,0.26435900313407185,,,,,227.40725543410593,0.10127,180.52029258921007,,0.19176452237886685,,5.0321161884447472,"Gauss2d, vertical, t_exp = 15.0ms, OD_max = 0.0",,,,,,,,,,,,,,,,,,,,,,,,,,,,,,,,,,,,,,,,,,,,,,,,,8.0,40.0,200.0,5.0,-1.95,-3.5,-6.1,-2.8,-2.725,-2.45,-2.075,-2.0,-1.664,-1.26,1.0,-6.05,-1.7,-1.3,-0.81,30.0,20.0,10.0,100.0,50.0,400.0,8000.0,-2.7,0.0,6.0,666.0,-7.0,-1.45,170.0,-0.65,-1.2,-1.7,-1.2,10.0,-0.61,-2.1,-1.55,-1.3,-2.0,-1.0,-2.0,-0.2,-0.185,-0.185,6.0,-0.275,-0.8,-2.1,-0.375,1.0,50.0,-0.75,-0.6,-5.0,-3.8,,False
25,,,,,,,,,,,,,,,,,,,,,,,,102.49413379496904,16.444231180312578,,,11.889445292844503,25.887871170348024,0.48090723197162155,14.913709422660478,0.27704511649161578,,,,,218.26506691416662,0.106216,180.05994347302303,,0.17427826647543079,,5.3194649306721722,"Gauss2d, vertical, t_exp = 15.0ms, OD_max = 0.0",,,,,,,,,,,,,,,,,,,,,,,,,,,,,,,,,,,,,,,,,,,,,,,,,5.0,40.0,200.0,3.0,-1.95,-3.5,-6.1,-2.8,-2.725,-2.45,-2.075,-2.0,-1.664,-1.26,1.0,-6.05,-1.7,-1.3,-0.81,30.0,20.0,10.0,100.0,50.0,400.0,8000.0,-2.7,0.0,6.0,666.0,-7.0,-1.45,170.0,-0.65,-1.2,-1.7,-1.2,10.0,-0.61,-2.1,-1.55,-1.3,-2.0,-1.0,-2.0,-0.2,-0.185,-0.185,6.0,-0.275,-0.8,-2.1,-0.375,1.0,50.0,-0.75,-0.6,-5.0,-3.8,,False
26,,,,,,,,,,,,,,,,,,,,,,,,110.19456699723413,18.98323428694815,,,9.6196601466617508,28.579668449830478,0.57060155522823341,17.950967744443197,0.35839650300145154,,,,,211.61263507092406,0.137007,181.3473525279814,,0.22665600919305823,,5.3167485059759239,"Gauss2d, vertical, t_exp = 15.0ms, OD_max = 0.0",,,,,,,,,,,,,,,,,,,,,,,,,,,,,,,,,,,,,,,,,,,,,,,,,14.0,40.0,200.0,8.0,-1.95,-3.5,-6.1,-2.8,-2.725,-2.45,-2.075,-2.0,-1.664,-1.26,1.0,-6.05,-1.7,-1.3,-0.81,30.0,20.0,10.0,100.0,50.0,400.0,8000.0,-2.7,0.0,6.0,666.0,-7.0,-1.45,170.0,-0.65,-1.2,-1.7,-1.2,10.0,-0.61,-2.1,-1.55,-1.3,-2.0,-1.0,-2.0,-0.2,-0.185,-0.185,6.0,-0.275,-0.8,-2.1,-0.375,1.0,50.0,-0.75,-0.6,-5.0,-3.8,,False
27,,,,,,,,,,,,,,,,,,,,,,,,109.5121834441085,18.979953093953938,,,9.4505045471790012,28.616834811650012,0.57483060662448415,18.13553806348548,0.36429126982390886,,,,,225.54688401270133,0.139241,181.90864062267826,,0.22882136538388353,,5.2847802809894517,"Gauss2d, vertical, t_exp = 15.0ms, OD_max = 0.0",,,,,,,,,,,,,,,,,,,,,,,,,,,,,,,,,,,,,,,,,,,,,,,,,10.0,40.0,200.0,6.0,-1.95,-3.5,-6.1,-2.8,-2.725,-2.45,-2.075,-2.0,-1.664,-1.26,1.0,-6.05,-1.7,-1.3,-0.81,30.0,20.0,10.0,100.0,50.0,400.0,8000.0,-2.7,0.0,6.0,666.0,-7.0,-1.45,170.0,-0.65,-1.2,-1.7,-1.2,10.0,-0.61,-2.1,-1.55,-1.3,-2.0,-1.0,-2.0,-0.2,-0.185,-0.185,6.0,-0.275,-0.8,-2.1,-0.375,1.0,50.0,-0.75,-0.6,-5.0,-3.8,,False
28,,,,,,,,,,,,,,,,,,,,,,,,111.1112669296931,22.713600358601301,,,12.505319413805394,25.918875560542663,0.61352543425560002,15.352947087336515,0.36341940021514896,,,,,224.31717899825063,0.139294,179.24277703590147,,0.1783185623068276,,7.2360218397723237,"Gauss2d, vertical, t_exp = 15.0ms, OD_max = 0.0",,,,,,,,,,,,,,,,,,,,,,,,,,,,,,,,,,,,,,,,,,,,,,,,,6.0,40.0,200.0,4.0,-1.95,-3.5,-6.1,-2.8,-2.725,-2.45,-2.075,-2.0,-1.664,-1.26,1.0,-6.05,-1.7,-1.3,-0.81,30.0,20.0,10.0,100.0,50.0,400.0,8000.0,-2.7,0.0,6.0,666.0,-7.0,-1.45,170.0,-0.65,-1.2,-1.7,-1.2,10.0,-0.61,-2.1,-1.55,-1.3,-2.0,-1.0,-2.0,-0.2,-0.185,-0.185,6.0,-0.275,-0.8,-2.1,-0.375,1.0,50.0,-0.75,-0.6,-5.0,-3.8,,False
29,,,,,,,,,,,,,,,,,,,,,,,,102.53782771040224,17.830888134108509,,,11.12153867570508,24.584076294490629,0.49508493354916577,16.7961575712498,0.33824840086698532,,,,,203.31400462425759,0.129603,177.96503592350498,,0.17925659320473486,,5.5751956114333288,"Gauss2d, vertical, t_exp = 15.0ms, OD_max = 0.0",,,,,,,,,,,,,,,,,,,,,,,,,,,,,,,,,,,,,,,,,,,,,,,,,1.0,40.0,200.0,1.0,-1.95,-3.5,-6.1,-2.8,-2.725,-2.45,-2.075,-2.0,-1.664,-1.26,1.0,-6.05,-1.7,-1.3,-0.81,30.0,20.0,10.0,100.0,50.0,400.0,8000.0,-2.7,0.0,6.0,666.0,-7.0,-1.45,170.0,-0.65,-1.2,-1.7,-1.2,10.0,-0.61,-2.1,-1.55,-1.3,-2.0,-1.0,-2.0,-0.2,-0.185,-0.185,6.0,-0.275,-0.8,-2.1,-0.375,1.0,50.0,-0.75,-0.6,-5.0,-3.8,,False
30,,,,,,,,,,,,,,,,,,,,,,,,50.272492646082846,22.190424745541826,,,4.7616543738728669,24.097611796722763,1.2323721373379231,19.621994329646778,1.0034854134917259,,,,,216.98776291717795,0.383968,182.87299521104143,,0.20009753478143014,,6.4777955143061732,"Gauss2d, vertical, t_exp = 15.0ms, OD_max = 0.0",,,,,,,,,,,,,,,,,,,,,,,,,,,,,,,,,,,,,,,,,,,,,,,,,32.0,40.0,200.0,17.0,-1.95,-3.5,-6.1,-2.8,-2.725,-2.45,-2.075,-2.0,-1.664,-1.26,1.0,-6.05,-1.7,-1.3,-0.81,30.0,20.0,10.0,100.0,50.0,400.0,8000.0,-2.7,0.0,6.0,666.0,-7.0,-1.45,170.0,-0.65,-1.2,-1.7,-1.2,10.0,-0.61,-2.1,-1.55,-1.3,-2.0,-1.0,-2.0,-0.2,-0.185,-0.185,6.0,-0.275,-0.8,-2.1,-0.375,1.0,50.0,-0.75,-0.6,-5.0,-3.8,,False
31,,,,,,,,,,,,,,,,,,,,,,,,114.48049785315482,20.185992898715508,,,8.8909946267767825,30.385808320105774,0.62125349032878885,18.978197721664369,0.38801898322999478,,,,,219.73285337033852,0.148109,181.22251977731406,,0.25509976017316438,,5.3271855247003526,"Gauss2d, vertical, t_exp = 15.0ms, OD_max = 0.0",,,,,,,,,,,,,,,,,,,,,,,,,,,,,,,,,,,,,,,,,,,,,,,,,13.0,40.0,200.0,7.0,-1.95,-3.5,-6.1,-2.8,-2.725,-2.45,-2.075,-2.0,-1.664,-1.26,1.0,-6.05,-1.7,-1.3,-0.81,30.0,20.0,10.0,100.0,50.0,400.0,8000.0,-2.7,0.0,6.0,666.0,-7.0,-1.45,170.0,-0.65,-1.2,-1.7,-1.2,10.0,-0.61,-2.1,-1.55,-1.3,-2.0,-1.0,-2.0,-0.2,-0.185,-0.185,6.0,-0.275,-0.8,-2.1,-0.375,1.0,50.0,-0.75,-0.6,-5.0,-3.8,,False
32,,,,,,,,,,,,,,,,,,,,,,,,110.38304921723281,13.407935616059026,,,10.15952078774782,31.143340580425022,0.43833160735666754,15.624587754695552,0.21991063405573369,,,,,223.94812990554266,0.0841185,183.70436781505404,,0.22897365770702377,,3.8574698213103344,"Gauss2d, vertical, t_exp = 15.0ms, OD_max = 0.0",,,,,,,,,,,,,,,,,,,,,,,,,,,,,,,,,,,,,,,,,,,,,,,,,31.0,40.0,200.0,16.0,-1.95,-3.5,-6.1,-2.8,-2.725,-2.45,-2.075,-2.0,-1.664,-1.26,1.0,-6.05,-1.7,-1.3,-0.81,30.0,20.0,10.0,100.0,50.0,400.0,8000.0,-2.7,0.0,6.0,666.0,-7.0,-1.45,170.0,-0.65,-1.2,-1.7,-1.2,10.0,-0.61,-2.1,-1.55,-1.3,-2.0,-1.0,-2.0,-0.2,-0.185,-0.185,6.0,-0.275,-0.8,-2.1,-0.375,1.0,50.0,-0.75,-0.6,-5.0,-3.8,,False
33,,,,,,,,,,,,,,,,,,,,,,,,109.38397141640174,23.514613875826008,,,11.462172565176482,26.778097903081481,0.66672663483023653,15.960688398436323,0.39739263199269775,,,,,225.03208781321325,0.152214,184.60797172424591,,0.19122013765354567,,7.2251304284987743,"Gauss2d, vertical, t_exp = 15.0ms, OD_max = 0.0",,,,,,,,,,,,,,,,,,,,,,,,,,,,,,,,,,,,,,,,,,,,,,,,,29.0,40.0,200.0,15.0,-1.95,-3.5,-6.1,-2.8,-2.725,-2.45,-2.075,-2.0,-1.664,-1.26,1.0,-6.05,-1.7,-1.3,-0.81,30.0,20.0,10.0,100.0,50.0,400.0,8000.0,-2.7,0.0,6.0,666.0,-7.0,-1.45,170.0,-0.65,-1.2,-1.7,-1.2,10.0,-0.61,-2.1,-1.55,-1.3,-2.0,-1.0,-2.0,-0.2,-0.185,-0.185,6.0,-0.275,-0.8,-2.1,-0.375,1.0,50.0,-0.75,-0.6,-5.0,-3.8,,False
34,,,,,,,,,,,,,,,,,,,,,,,,103.27351842060182,22.069614376334503,,,9.2272262065036834,29.414572466099266,0.72844206598401073,17.041187877344154,0.42201923806965352,,,,,202.99761506788639,0.161373,180.21177218428943,,0.22592713857220659,,6.2544901095929664,"Gauss2d, vertical, t_exp = 15.0ms, OD_max = 0.0",,,,,,,,,,,,,,,,,,,,,,,,,,,,,,,,,,,,,,,,,,,,,,,,,20.0,40.0,200.0,11.0,-1.95,-3.5,-6.1,-2.8,-2.725,-2.45,-2.075,-2.0,-1.664,-1.26,1.0,-6.05,-1.7,-1.3,-0.81,30.0,20.0,10.0,100.0,50.0,400.0,8000.0,-2.7,0.0,6.0,666.0,-7.0,-1.45,170.0,-0.65,-1.2,-1.7,-1.2,10.0,-0.61,-2.1,-1.55,-1.3,-2.0,-1.0,-2.0,-0.2,-0.185,-0.185,6.0,-0.275,-0.8,-2.1,-0.375,1.0,50.0,-0.75,-0.6,-5.0,-3.8,,False
35,,,,,,,,,,,,,,,,,,,,,,,,110.40413893891602,19.575000550658569,,,10.626550616354487,26.93321308708137,0.55323867885768419,17.276249677667678,0.3548736363053322,,,,,201.96830816902155,0.13581,180.7439460679773,,0.20460664373065041,,5.7610767515830013,"Gauss2d, vertical, t_exp = 15.0ms, OD_max = 0.0",,,,,,,,,,,,,,,,,,,,,,,,,,,,,,,,,,,,,,,,,,,,,,,,,19.0,40.0,200.0,10.0,-1.95,-3.5,-6.1,-2.8,-2.725,-2.45,-2.075,-2.0,-1.664,-1.26,1.0,-6.05,-1.7,-1.3,-0.81,30.0,20.0,10.0,100.0,50.0,400.0,8000.0,-2.7,0.0,6.0,666.0,-7.0,-1.45,170.0,-0.65,-1.2,-1.7,-1.2,10.0,-0.61,-2.1,-1.55,-1.3,-2.0,-1.0,-2.0,-0.2,-0.185,-0.185,6.0,-0.275,-0.8,-2.1,-0.375,1.0,50.0,-0.75,-0.6,-5.0,-3.8,,False
36,,,,,,,,,,,,,,,,,,,,,,,,114.48164896989168,15.108811331026645,,,12.990776833610052,25.176340288536871,0.38473797486722472,15.676631629444344,0.23956597971171142,,,,,209.63596880281065,0.0918295,179.25711317861632,,0.17471756472689334,,4.8333337155769378,"Gauss2d, vertical, t_exp = 15.0ms, OD_max = 0.0",,,,,,,,,,,,,,,,,,,,,,,,,,,,,,,,,,,,,,,,,,,,,,,,,3.0,40.0,200.0,2.0,-1.95,-3.5,-6.1,-2.8,-2.725,-2.45,-2.075,-2.0,-1.664,-1.26,1.0,-6.05,-1.7,-1.3,-0.81,30.0,20.0,10.0,100.0,50.0,400.0,8000.0,-2.7,0.0,6.0,666.0,-7.0,-1.45,170.0,-0.65,-1.2,-1.7,-1.2,10.0,-0.61,-2.1,-1.55,-1.3,-2.0,-1.0,-2.0,-0.2,-0.185,-0.185,6.0,-0.275,-0.8,-2.1,-0.375,1.0,50.0,-0.75,-0.6,-5.0,-3.8,,False
37,,,,,,,,,,,,,,,,,,,,,,,,124.02019104884147,24.317884489005198,,,10.28642120621743,32.658050051680583,0.74229969269037255,16.534171621031149,0.3758129629045725,,,,,225.03664458687047,0.143574,184.82867233987392,,0.25332737963254226,,6.6359578270931712,"Gauss2d, vertical, t_exp = 15.0ms, OD_max = 0.0",,,,,,,,,,,,,,,,,,,,,,,,,,,,,,,,,,,,,,,,,,,,,,,,,30.0,40.0,200.0,16.0,-1.95,-3.5,-6.1,-2.8,-2.725,-2.45,-2.075,-2.0,-1.664,-1.26,1.0,-6.05,-1.7,-1.3,-0.81,30.0,20.0,10.0,100.0,50.0,400.0,8000.0,-2.7,0.0,6.0,666.0,-7.0,-1.45,170.0,-0.65,-1.2,-1.7,-1.2,10.0,-0.61,-2.1,-1.55,-1.3,-2.0,-1.0,-2.0,-0.2,-0.185,-0.185,6.0,-0.275,-0.8,-2.1,-0.375,1.0,50.0,-0.75,-0.6,-5.0,-3.8,,False
38,,,,,,,,,,,,,,,,,,,,,,,,118.52082631531901,15.736968755301206,,,12.127420323286334,25.071053521697898,0.3855817805826664,17.458151416790809,0.26849867796897892,,,,,203.08014506659796,0.10282,180.25053496077632,,0.18934933512107133,,4.7773917172751066,"Gauss2d, vertical, t_exp = 15.0ms, OD_max = 0.0",,,,,,,,,,,,,,,,,,,,,,,,,,,,,,,,,,,,,,,,,,,,,,,,,16.0,40.0,200.0,9.0,-1.95,-3.5,-6.1,-2.8,-2.725,-2.45,-2.075,-2.0,-1.664,-1.26,1.0,-6.05,-1.7,-1.3,-0.81,30.0,20.0,10.0,100.0,50.0,400.0,8000.0,-2.7,0.0,6.0,666.0,-7.0,-1.45,170.0,-0.65,-1.2,-1.7,-1.2,10.0,-0.61,-2.1,-1.55,-1.3,-2.0,-1.0,-2.0,-0.2,-0.185,-0.185,6.0,-0.275,-0.8,-2.1,-0.375,1.0,50.0,-0.75,-0.6,-5.0,-3.8,,False
39,,,,,,,,,,,,,,,,,,,,,,,,104.26332076086963,16.366836313068564,,,14.286445747216703,21.500136528502679,0.39060305872559548,15.202350391689059,0.2761882618367672,,,,,222.6870409571253,0.106028,182.99821633460166,,0.14101984787851954,,5.7592772486134045,"Gauss2d, vertical, t_exp = 15.0ms, OD_max = 0.0",,,,,,,,,,,,,,,,,,,,,,,,,,,,,,,,,,,,,,,,,,,,,,,,,27.0,40.0,200.0,14.0,-1.95,-3.5,-6.1,-2.8,-2.725,-2.45,-2.075,-2.0,-1.664,-1.26,1.0,-6.05,-1.7,-1.3,-0.81,30.0,20.0,10.0,100.0,50.0,400.0,8000.0,-2.7,0.0,6.0,666.0,-7.0,-1.45,170.0,-0.65,-1.2,-1.7,-1.2,10.0,-0.61,-2.1,-1.55,-1.3,-2.0,-1.0,-2.0,-0.2,-0.185,-0.185,6.0,-0.275,-0.8,-2.1,-0.375,1.0,50.0,-0.75,-0.6,-5.0,-3.8,,False
40,,121.66081187302252,9.8586265084009383,,,10.185113233773887,31.412005662861109,0.29400156755000356,17.030750271793217,0.15939984937757254,,,,,204.57992723439799,0.0615651,180.64311851598677,,0.24566706740387526,,2.7227716051424418,"Gauss2d, vertical, t_exp = 15.0ms, OD_max = 0.0",,120.05193204571871,9.820632622079545,,,10.171016918395866,31.23598159165898,0.29617145004868511,16.923657129720141,0.16046575690805914,,,,,204.58303001660073,0.0613201,180.64271084200035,,0.24280392187003955,,2.7089857823367667,"Gauss2d, vertical, t_exp = 15.0ms, OD_max = 0.0",,121.66081187302252,9.8586265084009383,,,10.185113233773887,0.476248,31.412005662861109,0.29400156755000356,17.030750271793217,0.15939984937757254,,,,,204.57992723439799,0.113552,180.64311851598677,0.0615651,0.24566706740387526,,2.7227716051424418,,,,,,,,,,"Gauss2d, vertical, t_exp = 15.0ms, OD_max = 0.0",,,,,,,,,,,,,,,,,21.0,40.0,200.0,11.0,-1.95,-3.5,-6.1,-2.8,-2.725,-2.45,-2.075,-2.0,-1.664,-1.26,1.0,-6.05,-1.7,-1.3,-0.81,30.0,20.0,10.0,100.0,50.0,400.0,8000.0,-2.7,0.0,6.0,666.0,-7.0,-1.45,170.0,-0.65,-1.2,-1.7,-1.2,10.0,-0.61,-2.1,-1.55,-1.3,-2.0,-1.0,-2.0,-0.2,-0.185,-0.185,6.0,-0.275,-0.8,-2.1,-0.375,1.0,50.0,-0.75,-0.6,-5.0,-3.8,,False
41,,,,,,,,,,,,,,,,,,,,,,,,94.111828801925256,20.068341115321779,,,10.783217565238667,26.110882504375571,0.64469528354704386,14.969899811831132,0.36961701036989691,,,,,214.93917248860441,0.141692,180.85368184611187,,0.17667156965543085,,6.4514200213141244,"Gauss2d, vertical, t_exp = 15.0ms, OD_max = 0.0",,,,,,,,,,,,,,,,,,,,,,,,,,,,,,,,,,,,,,,,,,,,,,,,,7.0,22.0,200.0,1006.0,-1.95,-3.5,-6.1,-2.8,-2.725,-2.45,-2.075,-2.0,-1.664,-1.26,1.0,-6.05,-1.7,-1.3,-0.81,30.0,20.0,10.0,100.0,50.0,400.0,8000.0,-2.7,0.0,6.0,666.0,-7.0,-1.45,170.0,-0.65,-1.2,-1.7,-1.2,10.0,-0.61,-2.1,-1.55,-1.3,-2.0,-1.0,-2.0,-0.2,-0.185,-0.185,6.0,-0.275,-0.8,-2.1,-0.375,1.0,50.0,-0.75,-0.6,-5.0,-3.8,,False
42,,,,,,,,,,,,,,,,,,,,,,,,90.329505233591789,14.101852141832179,,,10.404490068063668,25.317785883762809,0.45764777696132664,15.357754044514373,0.27760888078808788,,,,,217.18722421064763,0.106426,181.28704228619659,,0.1732031992703808,,4.5454507497377419,"Gauss2d, vertical, t_exp = 15.0ms, OD_max = 0.0",,,,,,,,,,,,,,,,,,,,,,,,,,,,,,,,,,,,,,,,,,,,,,,,,10.0,22.0,200.0,1010.0,-1.95,-3.5,-6.1,-2.8,-2.725,-2.45,-2.075,-2.0,-1.664,-1.26,1.0,-6.05,-1.7,-1.3,-0.81,30.0,20.0,10.0,100.0,50.0,400.0,8000.0,-2.7,0.0,6.0,666.0,-7.0,-1.45,170.0,-0.65,-1.2,-1.7,-1.2,10.0,-0.61,-2.1,-1.55,-1.3,-2.0,-1.0,-2.0,-0.2,-0.185,-0.185,6.0,-0.275,-0.8,-2.1,-0.375,1.0,50.0,-0.75,-0.6,-5.0,-3.8,,False
43,,94.787344567131299,8.2807159242068629,,,10.866354035562539,25.946145699208532,0.26178604911267761,15.056993152792836,0.15191891361773016,,,,,215.72728148061489,0.0586888,180.8105606594066,,0.1760043754660946,,2.6766176501049719,"Gauss2d, vertical, t_exp = 15.0ms, OD_max = 0.0",,94.036441184076978,8.3346036467946476,,,10.861213420760317,25.852245870555883,0.26530334543436768,14.999064020145431,0.15392480737715961,,,,,215.72849392505864,0.0590111,180.81114613753894,,0.17470334889688996,,2.6902227914337073,"Gauss2d, vertical, t_exp = 15.0ms, OD_max = 0.0",,94.787344567131299,8.2807159242068629,,,10.866354035562539,0.547857,25.946145699208532,0.26178604911267761,15.056993152792836,0.15191891361773016,,,,,215.72728148061489,0.101132,180.8105606594066,0.0586888,0.1760043754660946,,2.6766176501049719,,,,,,,,,,"Gauss2d, vertical, t_exp = 15.0ms, OD_max = 0.0",,,,,,,,,,,,,,,,,17.0,22.0,200.0,1016.0,-1.95,-3.5,-6.1,-2.8,-2.725,-2.45,-2.075,-2.0,-1.664,-1.26,1.0,-6.05,-1.7,-1.3,-0.81,30.0,20.0,10.0,100.0,50.0,400.0,8000.0,-2.7,0.0,6.0,666.0,-7.0,-1.45,170.0,-0.65,-1.2,-1.7,-1.2,10.0,-0.61,-2.1,-1.55,-1.3,-2.0,-1.0,-2.0,-0.2,-0.185,-0.185,6.0,-0.275,-0.8,-2.1,-0.375,1.0,50.0,-0.75,-0.6,-5.0,-3.8,,False
44,,,,,,,,,,,,,,,,,,,,,,,,78.37190408657041,18.764594891897655,,,8.8749445399241154,25.760983212634574,0.71420341795682918,15.352422549584936,0.42563400630652909,,,,,211.30011263699382,0.163149,180.1618196045126,,0.17695228115238656,,5.996576025853118,"Gauss2d, vertical, t_exp = 15.0ms, OD_max = 0.0",,,,,,,,,,,,,,,,,,,,,,,,,,,,,,,,,,,,,,,,,,,,,,,,,20.0,22.0,200.0,1020.0,-1.95,-3.5,-6.1,-2.8,-2.725,-2.45,-2.075,-2.0,-1.664,-1.26,1.0,-6.05,-1.7,-1.3,-0.81,30.0,20.0,10.0,100.0,50.0,400.0,8000.0,-2.7,0.0,6.0,666.0,-7.0,-1.45,170.0,-0.65,-1.2,-1.7,-1.2,10.0,-0.61,-2.1,-1.55,-1.3,-2.0,-1.0,-2.0,-0.2,-0.185,-0.185,6.0,-0.275,-0.8,-2.1,-0.375,1.0,50.0,-0.75,-0.6,-5.0,-3.8,,False
45,,83.761933389766867,8.5734348834631788,,,9.4454167740710808,26.306470528352243,0.31097702341526751,15.097588458087236,0.17847331256419421,,,,,215.55464396592882,0.0689465,181.28511872090081,,0.17946307050332916,,2.7484687958370384,"Gauss2d, vertical, t_exp = 15.0ms, OD_max = 0.0",,82.901623751375737,8.2437380676615089,,,9.4451062526873866,26.179567480681666,0.30143695730715991,15.015448925803044,0.17289102640002968,,,,,215.55976163960455,0.0662743,181.28624809197385,,0.1776554835446742,,2.6425508805712097,"Gauss2d, vertical, t_exp = 15.0ms, OD_max = 0.0",,83.761933389766867,8.5734348834631788,,,9.4454167740710808,0.557946,26.306470528352243,0.31097702341526751,15.097588458087236,0.17847331256419421,,,,,215.55464396592882,0.120134,181.28511872090081,0.0689465,0.17946307050332916,,2.7484687958370384,,,,,,,,,,"Gauss2d, vertical, t_exp = 15.0ms, OD_max = 0.0",,,,,,,,,,,,,,,,,9.0,22.0,200.0,1008.0,-1.95,-3.5,-6.1,-2.8,-2.725,-2.45,-2.075,-2.0,-1.664,-1.26,1.0,-6.05,-1.7,-1.3,-0.81,30.0,20.0,10.0,100.0,50.0,400.0,8000.0,-2.7,0.0,6.0,666.0,-7.0,-1.45,170.0,-0.65,-1.2,-1.7,-1.2,10.0,-0.61,-2.1,-1.55,-1.3,-2.0,-1.0,-2.0,-0.2,-0.185,-0.185,6.0,-0.275,-0.8,-2.1,-0.375,1.0,50.0,-0.75,-0.6,-5.0,-3.8,,False
46,,97.160158212467749,8.341050890881025,,,10.105831817724095,26.770617020717001,0.26543364208191633,16.08430741429412,0.15947769005969167,,,,,217.35668482679844,0.0616051,181.56721253975616,,0.19226079068447288,,2.5680089067006646,"Gauss2d, vertical, t_exp = 15.0ms, OD_max = 0.0",,96.624954037339521,8.6506047381201654,,,10.098057034140757,26.707547563597259,0.27693559791892769,16.045825680446264,0.16638226553797722,,,,,217.35655167548003,0.0637281,181.56699819649768,,0.191350688537296,,2.65438738581061,"Gauss2d, vertical, t_exp = 15.0ms, OD_max = 0.0",,97.160158212467749,8.341050890881025,,,10.105831817724095,0.500671,26.770617020717001,0.26543364208191633,16.08430741429412,0.15947769005969167,,,,,217.35668482679844,0.102535,181.56721253975616,0.0616051,0.19226079068447288,,2.5680089067006646,,,,,,,,,,"Gauss2d, vertical, t_exp = 15.0ms, OD_max = 0.0",,,,,,,,,,,,,,,,,8.0,22.0,200.0,1008.0,-1.95,-3.5,-6.1,-2.8,-2.725,-2.45,-2.075,-2.0,-1.664,-1.26,1.0,-6.05,-1.7,-1.3,-0.81,30.0,20.0,10.0,100.0,50.0,400.0,8000.0,-2.7,0.0,6.0,666.0,-7.0,-1.45,170.0,-0.65,-1.2,-1.7,-1.2,10.0,-0.61,-2.1,-1.55,-1.3,-2.0,-1.0,-2.0,-0.2,-0.185,-0.185,6.0,-0.275,-0.8,-2.1,-0.375,1.0,50.0,-0.75,-0.6,-5.0,-3.8,,False
47,,,,,,,,,,,,,,,,,,,,,,,,79.611426334398331,12.852287146504716,,,9.1391656191097201,25.886431047024796,0.48388319969177251,15.070972519176964,0.28171480570733548,,,,,209.25032450428455,0.107997,178.93556015437028,,0.1756119605762263,,4.1356384393805099,"Gauss2d, vertical, t_exp = 15.0ms, OD_max = 0.0",,,,,,,,,,,,,,,,,,,,,,,,,,,,,,,,,,,,,,,,,,,,,,,,,21.0,22.0,200.0,1020.0,-1.95,-3.5,-6.1,-2.8,-2.725,-2.45,-2.075,-2.0,-1.664,-1.26,1.0,-6.05,-1.7,-1.3,-0.81,30.0,20.0,10.0,100.0,50.0,400.0,8000.0,-2.7,0.0,6.0,666.0,-7.0,-1.45,170.0,-0.65,-1.2,-1.7,-1.2,10.0,-0.61,-2.1,-1.55,-1.3,-2.0,-1.0,-2.0,-0.2,-0.185,-0.185,6.0,-0.275,-0.8,-2.1,-0.375,1.0,50.0,-0.75,-0.6,-5.0,-3.8,,False
48,,,,,,,,,,,,,,,,,,,,,,,,92.64065475189858,15.738298763087588,,,10.491729550818834,25.743825600060898,0.50641877587139605,15.361231821758187,0.30217791347950701,,,,,211.69875270845736,0.115828,181.17501829059429,,0.17688042586008132,,5.029702987127286,"Gauss2d, vertical, t_exp = 15.0ms, OD_max = 0.0",,,,,,,,,,,,,,,,,,,,,,,,,,,,,,,,,,,,,,,,,,,,,,,,,1.0,22.0,200.0,1000.0,-1.95,-3.5,-6.1,-2.8,-2.725,-2.45,-2.075,-2.0,-1.664,-1.26,1.0,-6.05,-1.7,-1.3,-0.81,30.0,20.0,10.0,100.0,50.0,400.0,8000.0,-2.7,0.0,6.0,666.0,-7.0,-1.45,170.0,-0.65,-1.2,-1.7,-1.2,10.0,-0.61,-2.1,-1.55,-1.3,-2.0,-1.0,-2.0,-0.2,-0.185,-0.185,6.0,-0.275,-0.8,-2.1,-0.375,1.0,50.0,-0.75,-0.6,-5.0,-3.8,,False
49,,,,,,,,,,,,,,,,,,,,,,,,82.951090688152334,14.406480016898632,,,8.991183682314329,26.906972684038898,0.54117579209804534,15.356243574419906,0.30885789107531314,,,,,214.69945237159908,0.118341,181.35072864943129,,0.18698826194383347,,4.5029836822265521,"Gauss2d, vertical, t_exp = 15.0ms, OD_max = 0.0",,,,,,,,,,,,,,,,,,,,,,,,,,,,,,,,,,,,,,,,,,,,,,,,,3.0,22.0,200.0,1002.0,-1.95,-3.5,-6.1,-2.8,-2.725,-2.45,-2.075,-2.0,-1.664,-1.26,1.0,-6.05,-1.7,-1.3,-0.81,30.0,20.0,10.0,100.0,50.0,400.0,8000.0,-2.7,0.0,6.0,666.0,-7.0,-1.45,170.0,-0.65,-1.2,-1.7,-1.2,10.0,-0.61,-2.1,-1.55,-1.3,-2.0,-1.0,-2.0,-0.2,-0.185,-0.185,6.0,-0.275,-0.8,-2.1,-0.375,1.0,50.0,-0.75,-0.6,-5.0,-3.8,,False
50,,,,,,,,,,,,,,,,,,,,,,,,79.210419020738996,17.006158664049174,,,9.2177302484723178,25.053785016299962,0.62279299533367161,15.361356522958063,0.38185622164607053,,,,,214.05692057264062,0.146404,180.93268209878016,,0.17099265864919225,,5.510083500145277,"Gauss2d, vertical, t_exp = 15.0ms, OD_max = 0.0",,,,,,,,,,,,,,,,,,,,,,,,,,,,,,,,,,,,,,,,,,,,,,,,,12.0,22.0,200.0,1012.0,-1.95,-3.5,-6.1,-2.8,-2.725,-2.45,-2.075,-2.0,-1.664,-1.26,1.0,-6.05,-1.7,-1.3,-0.81,30.0,20.0,10.0,100.0,50.0,400.0,8000.0,-2.7,0.0,6.0,666.0,-7.0,-1.45,170.0,-0.65,-1.2,-1.7,-1.2,10.0,-0.61,-2.1,-1.55,-1.3,-2.0,-1.0,-2.0,-0.2,-0.185,-0.185,6.0,-0.275,-0.8,-2.1,-0.375,1.0,50.0,-0.75,-0.6,-5.0,-3.8,,False
51,,,,,,,,,,,,,,,,,,,,,,,,94.574928026728429,20.023111280781361,,,10.068164197146164,26.786503640207481,0.65680088293552408,15.705591554651837,0.38509871925413613,,,,,211.91960258363133,0.147528,180.51345382937566,,0.18901903787503216,,6.2017499742110003,"Gauss2d, vertical, t_exp = 15.0ms, OD_max = 0.0",,,,,,,,,,,,,,,,,,,,,,,,,,,,,,,,,,,,,,,,,,,,,,,,,19.0,22.0,200.0,1018.0,-1.95,-3.5,-6.1,-2.8,-2.725,-2.45,-2.075,-2.0,-1.664,-1.26,1.0,-6.05,-1.7,-1.3,-0.81,30.0,20.0,10.0,100.0,50.0,400.0,8000.0,-2.7,0.0,6.0,666.0,-7.0,-1.45,170.0,-0.65,-1.2,-1.7,-1.2,10.0,-0.61,-2.1,-1.55,-1.3,-2.0,-1.0,-2.0,-0.2,-0.185,-0.185,6.0,-0.275,-0.8,-2.1,-0.375,1.0,50.0,-0.75,-0.6,-5.0,-3.8,,False
52,,,,,,,,,,,,,,,,,,,,,,,,80.152940334309136,18.046723778680409,,,9.6695043959760216,26.372505732350685,0.68743701711297045,14.076946086430066,0.36693579062819481,,,,,217.78054959132965,0.140726,180.58355875703035,,0.17128310900973776,,5.9547113003126944,"Gauss2d, vertical, t_exp = 15.0ms, OD_max = 0.0",,,,,,,,,,,,,,,,,,,,,,,,,,,,,,,,,,,,,,,,,,,,,,,,,18.0,22.0,200.0,1018.0,-1.95,-3.5,-6.1,-2.8,-2.725,-2.45,-2.075,-2.0,-1.664,-1.26,1.0,-6.05,-1.7,-1.3,-0.81,30.0,20.0,10.0,100.0,50.0,400.0,8000.0,-2.7,0.0,6.0,666.0,-7.0,-1.45,170.0,-0.65,-1.2,-1.7,-1.2,10.0,-0.61,-2.1,-1.55,-1.3,-2.0,-1.0,-2.0,-0.2,-0.185,-0.185,6.0,-0.275,-0.8,-2.1,-0.375,1.0,50.0,-0.75,-0.6,-5.0,-3.8,,False
53,,72.066260488118715,8.0043839393461109,,,8.2285414477512671,25.962123916360419,0.33303711320459845,15.108227187792846,0.19380537305027248,,,,,214.27439873641791,0.07487,181.36122920983684,,0.17658186033009463,,2.5821079827339308,"Gauss2d, vertical, t_exp = 15.0ms, OD_max = 0.0",,71.323567315374476,8.2393124150079,,,8.2224574861476842,25.844935094436746,0.3456936592459679,15.031439507257758,0.20105576469749215,,,,,214.27452152478853,0.0770787,181.36180005365233,,0.17491779647841982,,2.6569458954416647,"Gauss2d, vertical, t_exp = 15.0ms, OD_max = 0.0",,72.066260488118715,8.0043839393461109,,,8.2285414477512671,0.527453,25.962123916360419,0.33303711320459845,15.108227187792846,0.19380537305027248,,,,,214.27439873641791,0.128657,181.36122920983684,0.07487,0.17658186033009463,,2.5821079827339308,,,,,,,,,,"Gauss2d, vertical, t_exp = 15.0ms, OD_max = 0.0",,,,,,,,,,,,,,,,,6.0,22.0,200.0,1006.0,-1.95,-3.5,-6.1,-2.8,-2.725,-2.45,-2.075,-2.0,-1.664,-1.26,1.0,-6.05,-1.7,-1.3,-0.81,30.0,20.0,10.0,100.0,50.0,400.0,8000.0,-2.7,0.0,6.0,666.0,-7.0,-1.45,170.0,-0.65,-1.2,-1.7,-1.2,10.0,-0.61,-2.1,-1.55,-1.3,-2.0,-1.0,-2.0,-0.2,-0.185,-0.185,6.0,-0.275,-0.8,-2.1,-0.375,1.0,50.0,-0.75,-0.6,-5.0,-3.8,,False
54,,,,,,,,,,,,,,,,,,,,,,,,76.668448345663563,15.916002326238305,,,8.6112706707444229,25.890481052332937,0.62236983962357051,15.401177033414884,0.37022215734422209,,,,,212.49261719250097,0.141899,179.35841241129663,,0.178490005024526,,5.0652331887187989,"Gauss2d, vertical, t_exp = 15.0ms, OD_max = 0.0",,,,,,,,,,,,,,,,,,,,,,,,,,,,,,,,,,,,,,,,,,,,,,,,,16.0,22.0,200.0,1016.0,-1.95,-3.5,-6.1,-2.8,-2.725,-2.45,-2.075,-2.0,-1.664,-1.26,1.0,-6.05,-1.7,-1.3,-0.81,30.0,20.0,10.0,100.0,50.0,400.0,8000.0,-2.7,0.0,6.0,666.0,-7.0,-1.45,170.0,-0.65,-1.2,-1.7,-1.2,10.0,-0.61,-2.1,-1.55,-1.3,-2.0,-1.0,-2.0,-0.2,-0.185,-0.185,6.0,-0.275,-0.8,-2.1,-0.375,1.0,50.0,-0.75,-0.6,-5.0,-3.8,,False
55,,,,,,,,,,,,,,,,,,,,,,,,66.330161330112645,20.397264710081508,,,8.2558456794962893,25.493952701035546,0.90753688970208179,14.114220914355784,0.5024396396130324,,,,,212.52892155477213,0.192744,179.81226916658807,,0.16423241936958632,,6.8374060442402627,"Gauss2d, vertical, t_exp = 15.0ms, OD_max = 0.0",,,,,,,,,,,,,,,,,,,,,,,,,,,,,,,,,,,,,,,,,,,,,,,,,15.0,22.0,200.0,1014.0,-1.95,-3.5,-6.1,-2.8,-2.725,-2.45,-2.075,-2.0,-1.664,-1.26,1.0,-6.05,-1.7,-1.3,-0.81,30.0,20.0,10.0,100.0,50.0,400.0,8000.0,-2.7,0.0,6.0,666.0,-7.0,-1.45,170.0,-0.65,-1.2,-1.7,-1.2,10.0,-0.61,-2.1,-1.55,-1.3,-2.0,-1.0,-2.0,-0.2,-0.185,-0.185,6.0,-0.275,-0.8,-2.1,-0.375,1.0,50.0,-0.75,-0.6,-5.0,-3.8,,False
56,,,,,,,,,,,,,,,,,,,,,,,,72.951641579879563,18.079402644180011,,,8.8019962327028995,25.14810337349854,0.72153403070569044,14.760234352064522,0.42349155163764957,,,,,210.50928569430809,0.162417,180.2538874342431,,0.16673106886226313,,5.9659213566847153,"Gauss2d, vertical, t_exp = 15.0ms, OD_max = 0.0",,,,,,,,,,,,,,,,,,,,,,,,,,,,,,,,,,,,,,,,,,,,,,,,,13.0,22.0,200.0,1012.0,-1.95,-3.5,-6.1,-2.8,-2.725,-2.45,-2.075,-2.0,-1.664,-1.26,1.0,-6.05,-1.7,-1.3,-0.81,30.0,20.0,10.0,100.0,50.0,400.0,8000.0,-2.7,0.0,6.0,666.0,-7.0,-1.45,170.0,-0.65,-1.2,-1.7,-1.2,10.0,-0.61,-2.1,-1.55,-1.3,-2.0,-1.0,-2.0,-0.2,-0.185,-0.185,6.0,-0.275,-0.8,-2.1,-0.375,1.0,50.0,-0.75,-0.6,-5.0,-3.8,,False
57,,,,,,,,,,,,,,,,,,,,,,,,72.505085068876056,18.751022045686817,,,8.2417145980646875,25.506735328461282,0.7638132111728192,15.446874519961298,0.46256516472995285,,,,,214.75396135705031,0.177311,180.79048928421227,,0.1755794296389919,,6.003724350668314,"Gauss2d, vertical, t_exp = 15.0ms, OD_max = 0.0",,,,,,,,,,,,,,,,,,,,,,,,,,,,,,,,,,,,,,,,,,,,,,,,,14.0,22.0,200.0,1014.0,-1.95,-3.5,-6.1,-2.8,-2.725,-2.45,-2.075,-2.0,-1.664,-1.26,1.0,-6.05,-1.7,-1.3,-0.81,30.0,20.0,10.0,100.0,50.0,400.0,8000.0,-2.7,0.0,6.0,666.0,-7.0,-1.45,170.0,-0.65,-1.2,-1.7,-1.2,10.0,-0.61,-2.1,-1.55,-1.3,-2.0,-1.0,-2.0,-0.2,-0.185,-0.185,6.0,-0.275,-0.8,-2.1,-0.375,1.0,50.0,-0.75,-0.6,-5.0,-3.8,,False
58,,,,,,,,,,,,,,,,,,,,,,,,71.475761339084897,19.038723642415672,,,8.3776741489357907,24.197046890416228,0.74624081933498387,15.791288165009401,0.48700577041506771,,,,,212.29647472767391,0.18673,181.34206641570347,,0.16740017257864029,,6.1911218101296663,"Gauss2d, vertical, t_exp = 15.0ms, OD_max = 0.0",,,,,,,,,,,,,,,,,,,,,,,,,,,,,,,,,,,,,,,,,,,,,,,,,2.0,22.0,200.0,1002.0,-1.95,-3.5,-6.1,-2.8,-2.725,-2.45,-2.075,-2.0,-1.664,-1.26,1.0,-6.05,-1.7,-1.3,-0.81,30.0,20.0,10.0,100.0,50.0,400.0,8000.0,-2.7,0.0,6.0,666.0,-7.0,-1.45,170.0,-0.65,-1.2,-1.7,-1.2,10.0,-0.61,-2.1,-1.55,-1.3,-2.0,-1.0,-2.0,-0.2,-0.185,-0.185,6.0,-0.275,-0.8,-2.1,-0.375,1.0,50.0,-0.75,-0.6,-5.0,-3.8,,False
59,,,,,,,,,,,,,,,,,,,,,,,,66.906788298469479,15.104834530058811,,,8.0850039611280167,25.450909398170499,0.66519630455970769,14.562342470569854,0.38060780243575576,,,,,218.34582982036011,0.145972,182.72931017201657,,0.16760885235223374,,4.9882129858187518,"Gauss2d, vertical, t_exp = 15.0ms, OD_max = 0.0",,,,,,,,,,,,,,,,,,,,,,,,,,,,,,,,,,,,,,,,,,,,,,,,,4.0,22.0,200.0,1004.0,-1.95,-3.5,-6.1,-2.8,-2.725,-2.45,-2.075,-2.0,-1.664,-1.26,1.0,-6.05,-1.7,-1.3,-0.81,30.0,20.0,10.0,100.0,50.0,400.0,8000.0,-2.7,0.0,6.0,666.0,-7.0,-1.45,170.0,-0.65,-1.2,-1.7,-1.2,10.0,-0.61,-2.1,-1.55,-1.3,-2.0,-1.0,-2.0,-0.2,-0.185,-0.185,6.0,-0.275,-0.8,-2.1,-0.375,1.0,50.0,-0.75,-0.6,-5.0,-3.8,,False
60,,67.726532364127465,7.6610312010477664,,,8.3290957109440811,25.114003187706679,0.32809116040170194,14.500722501109291,0.18943846934288741,,,,,211.54681797844358,0.0731862,180.72187393239525,,0.16428675925827901,,2.5648990673294412,"Gauss2d, vertical, t_exp = 15.0ms, OD_max = 0.0",,66.978608939494336,7.8300029466120149,,,8.3218876794415735,24.994043360301163,0.33824427609145646,14.421895820993381,0.19517148328572514,,,,,211.5474135117739,0.0748698,180.72266591742039,,0.16264211567105138,,2.6223750198465536,"Gauss2d, vertical, t_exp = 15.0ms, OD_max = 0.0",,67.726532364127465,7.6610312010477664,,,8.3290957109440811,0.543756,25.114003187706679,0.32809116040170194,14.500722501109291,0.18943846934288741,,,,,211.54681797844358,0.126752,180.72187393239525,0.0731862,0.16428675925827901,,2.5648990673294412,,,,,,,,,,"Gauss2d, vertical, t_exp = 15.0ms, OD_max = 0.0",,,,,,,,,,,,,,,,,11.0,22.0,200.0,1010.0,-1.95,-3.5,-6.1,-2.8,-2.725,-2.45,-2.075,-2.0,-1.664,-1.26,1.0,-6.05,-1.7,-1.3,-0.81,30.0,20.0,10.0,100.0,50.0,400.0,8000.0,-2.7,0.0,6.0,666.0,-7.0,-1.45,170.0,-0.65,-1.2,-1.7,-1.2,10.0,-0.61,-2.1,-1.55,-1.3,-2.0,-1.0,-2.0,-0.2,-0.185,-0.185,6.0,-0.275,-0.8,-2.1,-0.375,1.0,50.0,-0.75,-0.6,-5.0,-3.8,,False
61,,,,,,,,,,,,,,,,,,,,,,,,74.280604014067166,16.840796626558152,,,8.7869540085150977,25.357976042885891,0.66562258276343356,14.930250187196465,0.39190479162335401,,,,,212.9978910217138,0.150278,179.12513339832236,,0.16992041143366249,,5.5019433679657626,"Gauss2d, vertical, t_exp = 15.0ms, OD_max = 0.0",,,,,,,,,,,,,,,,,,,,,,,,,,,,,,,,,,,,,,,,,,,,,,,,,5.0,22.0,200.0,1004.0,-1.95,-3.5,-6.1,-2.8,-2.725,-2.45,-2.075,-2.0,-1.664,-1.26,1.0,-6.05,-1.7,-1.3,-0.81,30.0,20.0,10.0,100.0,50.0,400.0,8000.0,-2.7,0.0,6.0,666.0,-7.0,-1.45,170.0,-0.65,-1.2,-1.7,-1.2,10.0,-0.61,-2.1,-1.55,-1.3,-2.0,-1.0,-2.0,-0.2,-0.185,-0.185,6.0,-0.275,-0.8,-2.1,-0.375,1.0,50.0,-0.75,-0.6,-5.0,-3.8,,False
62,,,,,,,,,,,,,,,,,,,,,,,,64.924096877458666,15.854715422376863,,,7.9383003141213537,24.796978317355205,0.70103235435485844,14.771487434319658,0.41760295270383363,,,,,217.32376605469847,0.160176,180.58552889721929,,0.16390329287547403,,5.2670985250085165,"Gauss2d, vertical, t_exp = 15.0ms, OD_max = 0.0",,,,,,,,,,,,,,,,,,,,,,,,,,,,,,,,,,,,,,,,,,,,,,,,,0.0,22.0,200.0,1000.0,-1.95,-3.5,-6.1,-2.8,-2.725,-2.45,-2.075,-2.0,-1.664,-1.26,1.0,-6.05,-1.7,-1.3,-0.81,30.0,20.0,10.0,100.0,50.0,400.0,8000.0,-2.7,0.0,6.0,666.0,-7.0,-1.45,170.0,-0.65,-1.2,-1.7,-1.2,10.0,-0.61,-2.1,-1.55,-1.3,-2.0,-1.0,-2.0,-0.2,-0.185,-0.185,6.0,-0.275,-0.8,-2.1,-0.375,1.0,50.0,-0.75,-0.6,-5.0,-3.8,,False
63,,,,,,,,,,,,,,,,,,,,,,,,65.808305905672029,15.658260367967612,,,8.1759755876644444,24.722329616479914,0.68095826688408856,14.581302897664697,0.40163108941912656,,,,,209.69737847165632,0.15407,179.98012421673448,,0.16171661333694734,,5.2440028164609052,"Gauss2d, vertical, t_exp = 15.0ms, OD_max = 0.0",,,,,,,,,,,,,,,,,,,,,,,,,,,,,,,,,,,,,,,,,,,,,,,,,0.0,22.0,200.0,500.0,-1.95,-3.5,-6.1,-2.8,-2.725,-2.45,-2.075,-2.0,-1.664,-1.26,1.0,-6.05,-1.7,-1.3,-0.81,30.0,20.0,10.0,100.0,50.0,400.0,8000.0,-2.7,0.0,6.0,666.0,-7.0,-1.45,170.0,-0.65,-1.2,-1.7,-1.2,10.0,-0.61,-2.1,-1.55,-1.3,-2.0,-1.0,-2.0,-0.2,-0.185,-0.185,6.0,-0.275,-0.8,-2.1,-0.375,1.0,50.0,-0.75,-0.6,-5.0,-3.8,,False
64,,78.960669371637124,7.7676664261564836,,,9.5319708557132401,24.964595491014599,0.28363247938454156,14.861005033571228,0.16884171113371851,,,,,219.04215917913982,0.0652283,181.00690483439453,,0.16604045817200333,,2.5765403885941796,"Gauss2d, vertical, t_exp = 15.0ms, OD_max = 0.0",,77.967012323638869,8.0704441763437789,,,9.534476524850561,24.810786660932962,0.2973128563910723,14.761078964318251,0.17688513906300068,,,,,219.04791607672004,0.0678462,181.00771702530022,,0.16393146047836088,,2.6812846141428128,"Gauss2d, vertical, t_exp = 15.0ms, OD_max = 0.0",,78.960669371637124,7.7676664261564836,,,9.5319708557132401,0.541174,24.964595491014599,0.28363247938454156,14.861005033571228,0.16884171113371851,,,,,219.04215917913982,0.109575,181.00690483439453,0.0652283,0.16604045817200333,,2.5765403885941796,,,,,,,,,,"Gauss2d, vertical, t_exp = 15.0ms, OD_max = 0.0",,,,,,,,,,,,,,,,False,19.0,22.0,200.0,518.0,-1.95,-3.5,-6.1,-2.8,-2.725,-2.45,-2.075,-2.0,-1.664,-1.26,1.0,-6.05,-1.7,-1.3,-0.81,30.0,20.0,10.0,100.0,50.0,400.0,8000.0,-2.7,0.0,6.0,666.0,-7.0,-1.45,170.0,-0.65,-1.2,-1.7,-1.2,10.0,-0.61,-2.1,-1.55,-1.3,-2.0,-1.0,-2.0,-0.2,-0.185,-0.185,6.0,-0.275,-0.8,-2.1,-0.375,1.0,50.0,-0.75,-0.6,-5.0,-3.8,,False
65,,,,,,,,,,,,,,,,,,,,,,,,27.323027125783348,53.505586051248365,,,0.44433545143962194,60.644259427733026,14.082531980991364,45.412221829698154,10.564643387794495,,,,,212.05912521814076,3.73755,180.52202142928959,,1.177507507373573,,6.135688481603907,"Gauss2d, vertical, t_exp = 15.0ms, OD_max = 0.0",,,,,,,,,,,,,,,,,,,,,,,,,,,,,,,,,,,,,,,,,,,,,,,,True,18.0,22.0,200.0,518.0,-1.95,-3.5,-6.1,-2.8,-2.725,-2.45,-2.075,-2.0,-1.664,-1.26,1.0,-6.05,-1.7,-1.3,-0.81,30.0,20.0,10.0,100.0,50.0,400.0,8000.0,-2.7,0.0,6.0,666.0,-7.0,-1.45,170.0,-0.65,-1.2,-1.7,-1.2,10.0,-0.61,-2.1,-1.55,-1.3,-2.0,-1.0,-2.0,-0.2,-0.185,-0.185,6.0,-0.275,-0.8,-2.1,-0.375,1.0,50.0,-0.75,-0.6,-5.0,-3.8,,False
66,,,,,,,,,,,,,,,,,,,,,,,,71.222773285475668,19.147598375178234,,,8.1772521834840344,25.553044555027736,0.79542872896790506,15.265584441350409,0.47519518885016443,,,,,220.59362237061839,0.182169,181.38901537668789,,0.17442393666141787,,6.16176920919927,"Gauss2d, vertical, t_exp = 15.0ms, OD_max = 0.0",,,,,,,,,,,,,,,,,,,,,,,,,,,,,,,,,,,,,,,,,,,,,,,,,20.0,22.0,200.0,520.0,-1.95,-3.5,-6.1,-2.8,-2.725,-2.45,-2.075,-2.0,-1.664,-1.26,1.0,-6.05,-1.7,-1.3,-0.81,30.0,20.0,10.0,100.0,50.0,400.0,8000.0,-2.7,0.0,6.0,666.0,-7.0,-1.45,170.0,-0.65,-1.2,-1.7,-1.2,10.0,-0.61,-2.1,-1.55,-1.3,-2.0,-1.0,-2.0,-0.2,-0.185,-0.185,6.0,-0.275,-0.8,-2.1,-0.375,1.0,50.0,-0.75,-0.6,-5.0,-3.8,,False
67,,,,,,,,,,,,,,,,,,,,,,,,83.088133730901632,11.803350881941618,,,9.5959759980065265,25.227413387767562,0.41494914151728157,15.371693863733171,0.25283887130022048,,,,,211.85880644645349,0.0969323,180.87219737913006,,0.17255288479810485,,3.8097144897332007,"Gauss2d, vertical, t_exp = 15.0ms, OD_max = 0.0",,,,,,,,,,,,,,,,,,,,,,,,,,,,,,,,,,,,,,,,,,,,,,,,,17.0,22.0,200.0,516.0,-1.95,-3.5,-6.1,-2.8,-2.725,-2.45,-2.075,-2.0,-1.664,-1.26,1.0,-6.05,-1.7,-1.3,-0.81,30.0,20.0,10.0,100.0,50.0,400.0,8000.0,-2.7,0.0,6.0,666.0,-7.0,-1.45,170.0,-0.65,-1.2,-1.7,-1.2,10.0,-0.61,-2.1,-1.55,-1.3,-2.0,-1.0,-2.0,-0.2,-0.185,-0.185,6.0,-0.275,-0.8,-2.1,-0.375,1.0,50.0,-0.75,-0.6,-5.0,-3.8,,False
68,,,,,,,,,,,,,,,,,,,,,,,,71.470705418352622,22.147781032266838,,,8.3118053280425546,25.141558248984957,0.9020726800560952,15.317402109311145,0.54958439758419997,,,,,211.44184813890598,0.21071,181.31327907950507,,0.17136364625128131,,7.1737034783907268,"Gauss2d, vertical, t_exp = 15.0ms, OD_max = 0.0",,,,,,,,,,,,,,,,,,,,,,,,,,,,,,,,,,,,,,,,,,,,,,,,,13.0,22.0,200.0,512.0,-1.95,-3.5,-6.1,-2.8,-2.725,-2.45,-2.075,-2.0,-1.664,-1.26,1.0,-6.05,-1.7,-1.3,-0.81,30.0,20.0,10.0,100.0,50.0,400.0,8000.0,-2.7,0.0,6.0,666.0,-7.0,-1.45,170.0,-0.65,-1.2,-1.7,-1.2,10.0,-0.61,-2.1,-1.55,-1.3,-2.0,-1.0,-2.0,-0.2,-0.185,-0.185,6.0,-0.275,-0.8,-2.1,-0.375,1.0,50.0,-0.75,-0.6,-5.0,-3.8,,False
69,,,,,,,,,,,,,,,,,,,,,,,,70.57105586891241,19.964098576275109,,,8.5755240416175376,25.138722264912321,0.8233041932880879,14.661126664142889,0.48015845029056076,,,,,219.64020022936441,0.18416,181.02899650460839,,0.16582580105313996,,6.6115634634099605,"Gauss2d, vertical, t_exp = 15.0ms, OD_max = 0.0",,,,,,,,,,,,,,,,,,,,,,,,,,,,,,,,,,,,,,,,,,,,,,,,,10.0,22.0,200.0,510.0,-1.95,-3.5,-6.1,-2.8,-2.725,-2.45,-2.075,-2.0,-1.664,-1.26,1.0,-6.05,-1.7,-1.3,-0.81,30.0,20.0,10.0,100.0,50.0,400.0,8000.0,-2.7,0.0,6.0,666.0,-7.0,-1.45,170.0,-0.65,-1.2,-1.7,-1.2,10.0,-0.61,-2.1,-1.55,-1.3,-2.0,-1.0,-2.0,-0.2,-0.185,-0.185,6.0,-0.275,-0.8,-2.1,-0.375,1.0,50.0,-0.75,-0.6,-5.0,-3.8,,False
70,,,,,,,,,,,,,,,,,,,,,,,,75.673819679659402,18.542368718474101,,,8.7364410886486041,25.027503577142742,0.71005728611350061,15.500230987089214,0.43975823999941355,,,,,214.60367591233972,0.168592,181.87423016785314,,0.17194672675082337,,5.983712020073737,"Gauss2d, vertical, t_exp = 15.0ms, OD_max = 0.0",,,,,,,,,,,,,,,,,,,,,,,,,,,,,,,,,,,,,,,,,,,,,,,,,11.0,22.0,200.0,510.0,-1.95,-3.5,-6.1,-2.8,-2.725,-2.45,-2.075,-2.0,-1.664,-1.26,1.0,-6.05,-1.7,-1.3,-0.81,30.0,20.0,10.0,100.0,50.0,400.0,8000.0,-2.7,0.0,6.0,666.0,-7.0,-1.45,170.0,-0.65,-1.2,-1.7,-1.2,10.0,-0.61,-2.1,-1.55,-1.3,-2.0,-1.0,-2.0,-0.2,-0.185,-0.185,6.0,-0.275,-0.8,-2.1,-0.375,1.0,50.0,-0.75,-0.6,-5.0,-3.8,,False
71,,,,,,,,,,,,,,,,,,,,,,,,71.154917028586482,12.756092368856013,,,8.2731805089720503,25.675399286438907,0.53293903940916065,15.002367835263735,0.3114009501114488,,,,,211.16291998954912,0.119391,179.21401899306517,,0.17322216730809814,,4.1312409508942247,"Gauss2d, vertical, t_exp = 15.0ms, OD_max = 0.0",,,,,,,,,,,,,,,,,,,,,,,,,,,,,,,,,,,,,,,,,,,,,,,,,15.0,22.0,200.0,514.0,-1.95,-3.5,-6.1,-2.8,-2.725,-2.45,-2.075,-2.0,-1.664,-1.26,1.0,-6.05,-1.7,-1.3,-0.81,30.0,20.0,10.0,100.0,50.0,400.0,8000.0,-2.7,0.0,6.0,666.0,-7.0,-1.45,170.0,-0.65,-1.2,-1.7,-1.2,10.0,-0.61,-2.1,-1.55,-1.3,-2.0,-1.0,-2.0,-0.2,-0.185,-0.185,6.0,-0.275,-0.8,-2.1,-0.375,1.0,50.0,-0.75,-0.6,-5.0,-3.8,,False
72,,,,,,,,,,,,,,,,,,,,,,,,65.509531491624216,14.883667484126942,,,7.3793943769229502,25.552171538906297,0.67223409679532053,15.559676285682977,0.40934877572953704,,,,,219.09781527247225,0.1569,181.60535512369478,,0.17693887066550623,,4.7436855098635755,"Gauss2d, vertical, t_exp = 15.0ms, OD_max = 0.0",,,,,,,,,,,,,,,,,,,,,,,,,,,,,,,,,,,,,,,,,,,,,,,,,1.0,22.0,200.0,500.0,-1.95,-3.5,-6.1,-2.8,-2.725,-2.45,-2.075,-2.0,-1.664,-1.26,1.0,-6.05,-1.7,-1.3,-0.81,30.0,20.0,10.0,100.0,50.0,400.0,8000.0,-2.7,0.0,6.0,666.0,-7.0,-1.45,170.0,-0.65,-1.2,-1.7,-1.2,10.0,-0.61,-2.1,-1.55,-1.3,-2.0,-1.0,-2.0,-0.2,-0.185,-0.185,6.0,-0.275,-0.8,-2.1,-0.375,1.0,50.0,-0.75,-0.6,-5.0,-3.8,,False
73,,,,,,,,,,,,,,,,,,,,,,,,72.793900887722472,18.625993541840437,,,8.9429174652484242,24.766810386529773,0.73362787255644801,14.719406200919972,0.43600951293110851,,,,,212.05443029442623,0.167243,180.14076748557326,,0.16322260447768658,,6.2026184840105776,"Gauss2d, vertical, t_exp = 15.0ms, OD_max = 0.0",,,,,,,,,,,,,,,,,,,,,,,,,,,,,,,,,,,,,,,,,,,,,,,,,4.0,22.0,200.0,504.0,-1.95,-3.5,-6.1,-2.8,-2.725,-2.45,-2.075,-2.0,-1.664,-1.26,1.0,-6.05,-1.7,-1.3,-0.81,30.0,20.0,10.0,100.0,50.0,400.0,8000.0,-2.7,0.0,6.0,666.0,-7.0,-1.45,170.0,-0.65,-1.2,-1.7,-1.2,10.0,-0.61,-2.1,-1.55,-1.3,-2.0,-1.0,-2.0,-0.2,-0.185,-0.185,6.0,-0.275,-0.8,-2.1,-0.375,1.0,50.0,-0.75,-0.6,-5.0,-3.8,,False
74,,,,,,,,,,,,,,,,,,,,,,,,67.061916903885447,18.373007829217773,,,7.8651045708055891,24.961084600449631,0.79178003734350211,15.298632385480877,0.4852814600467682,,,,,210.81032112108571,0.18607,181.28151061868954,,0.16968001422797793,,5.9764767590089871,"Gauss2d, vertical, t_exp = 15.0ms, OD_max = 0.0",,,,,,,,,,,,,,,,,,,,,,,,,,,,,,,,,,,,,,,,,,,,,,,,,7.0,22.0,200.0,506.0,-1.95,-3.5,-6.1,-2.8,-2.725,-2.45,-2.075,-2.0,-1.664,-1.26,1.0,-6.05,-1.7,-1.3,-0.81,30.0,20.0,10.0,100.0,50.0,400.0,8000.0,-2.7,0.0,6.0,666.0,-7.0,-1.45,170.0,-0.65,-1.2,-1.7,-1.2,10.0,-0.61,-2.1,-1.55,-1.3,-2.0,-1.0,-2.0,-0.2,-0.185,-0.185,6.0,-0.275,-0.8,-2.1,-0.375,1.0,50.0,-0.75,-0.6,-5.0,-3.8,,False
75,,77.962570085540918,8.1993742504611067,,,8.6160390611958757,25.485641409799484,0.30956338188797239,15.901112834007602,0.19314407901465894,,,,,218.10801505448669,0.0746131,182.84164957837831,,0.17931308939802892,,2.6021763261064583,"Gauss2d, vertical, t_exp = 15.0ms, OD_max = 0.0",,77.052632759955713,8.3171785891249286,,,8.607545125991594,25.350845346604629,0.31686855209618808,15.814677047066626,0.19767285124957562,,,,,218.10924071197257,0.0757606,182.84190175797175,,0.17740118592184773,,2.6396588720491412,"Gauss2d, vertical, t_exp = 15.0ms, OD_max = 0.0",,77.962570085540918,8.1993742504611067,,,8.6160390611958757,0.522952,25.485641409799484,0.30956338188797239,15.901112834007602,0.19314407901465894,,,,,218.10801505448669,0.119587,182.84164957837831,0.0746131,0.17931308939802892,,2.6021763261064583,,,,,,,,,,"Gauss2d, vertical, t_exp = 15.0ms, OD_max = 0.0",,,,,,,,,,,,,,,,,5.0,22.0,200.0,504.0,-1.95,-3.5,-6.1,-2.8,-2.725,-2.45,-2.075,-2.0,-1.664,-1.26,1.0,-6.05,-1.7,-1.3,-0.81,30.0,20.0,10.0,100.0,50.0,400.0,8000.0,-2.7,0.0,6.0,666.0,-7.0,-1.45,170.0,-0.65,-1.2,-1.7,-1.2,10.0,-0.61,-2.1,-1.55,-1.3,-2.0,-1.0,-2.0,-0.2,-0.185,-0.185,6.0,-0.275,-0.8,-2.1,-0.375,1.0,50.0,-0.75,-0.6,-5.0,-3.8,,False
76,,,,,,,,,,,,,,,,,,,,,,,,61.504525141394453,16.325790221181581,,,7.7209171593013703,23.983004220010312,0.73693147081136712,14.875761006004584,0.45709112501144411,,,,,216.18533469571744,0.175359,182.34829630546525,,0.15807647739576516,,5.4962842947992883,"Gauss2d, vertical, t_exp = 15.0ms, OD_max = 0.0",,,,,,,,,,,,,,,,,,,,,,,,,,,,,,,,,,,,,,,,,,,,,,,,,9.0,22.0,200.0,508.0,-1.95,-3.5,-6.1,-2.8,-2.725,-2.45,-2.075,-2.0,-1.664,-1.26,1.0,-6.05,-1.7,-1.3,-0.81,30.0,20.0,10.0,100.0,50.0,400.0,8000.0,-2.7,0.0,6.0,666.0,-7.0,-1.45,170.0,-0.65,-1.2,-1.7,-1.2,10.0,-0.61,-2.1,-1.55,-1.3,-2.0,-1.0,-2.0,-0.2,-0.185,-0.185,6.0,-0.275,-0.8,-2.1,-0.375,1.0,50.0,-0.75,-0.6,-5.0,-3.8,,False
77,,,,,,,,,,,,,,,,,,,,,,,,62.361189305529557,16.958310855076931,,,7.2345263612436863,24.003338699698077,0.75577090117335322,16.083376611427791,0.50640223821997643,,,,,218.09236881050799,0.19415,182.32192911093944,,0.16822486959667227,,5.4859748781417581,"Gauss2d, vertical, t_exp = 15.0ms, OD_max = 0.0",,,,,,,,,,,,,,,,,,,,,,,,,,,,,,,,,,,,,,,,,,,,,,,,,8.0,22.0,200.0,508.0,-1.95,-3.5,-6.1,-2.8,-2.725,-2.45,-2.075,-2.0,-1.664,-1.26,1.0,-6.05,-1.7,-1.3,-0.81,30.0,20.0,10.0,100.0,50.0,400.0,8000.0,-2.7,0.0,6.0,666.0,-7.0,-1.45,170.0,-0.65,-1.2,-1.7,-1.2,10.0,-0.61,-2.1,-1.55,-1.3,-2.0,-1.0,-2.0,-0.2,-0.185,-0.185,6.0,-0.275,-0.8,-2.1,-0.375,1.0,50.0,-0.75,-0.6,-5.0,-3.8,,False
78,,,,,,,,,,,,,,,,,,,,,,,,68.151888634176345,14.791720562799256,,,7.7755342539161729,25.194032136667712,0.633154431462288,15.580973067122622,0.39156736956536775,,,,,210.13268309170664,0.150101,180.38553870596135,,0.1740513142657604,,4.744885360171196,"Gauss2d, vertical, t_exp = 15.0ms, OD_max = 0.0",,,,,,,,,,,,,,,,,,,,,,,,,,,,,,,,,,,,,,,,,,,,,,,,,14.0,22.0,200.0,514.0,-1.95,-3.5,-6.1,-2.8,-2.725,-2.45,-2.075,-2.0,-1.664,-1.26,1.0,-6.05,-1.7,-1.3,-0.81,30.0,20.0,10.0,100.0,50.0,400.0,8000.0,-2.7,0.0,6.0,666.0,-7.0,-1.45,170.0,-0.65,-1.2,-1.7,-1.2,10.0,-0.61,-2.1,-1.55,-1.3,-2.0,-1.0,-2.0,-0.2,-0.185,-0.185,6.0,-0.275,-0.8,-2.1,-0.375,1.0,50.0,-0.75,-0.6,-5.0,-3.8,,False
79,,,,,,,,,,,,,,,,,,,,,,,,63.924707497875204,20.076581412400714,,,8.1388054402395902,24.801516475881108,0.90165364912152302,14.183207140354778,0.51562720231711867,,,,,209.26534485713,0.197838,180.36423482499748,,0.15910292940824125,,6.8074133586659569,"Gauss2d, vertical, t_exp = 15.0ms, OD_max = 0.0",,,,,,,,,,,,,,,,,,,,,,,,,,,,,,,,,,,,,,,,,,,,,,,,,16.0,22.0,200.0,516.0,-1.95,-3.5,-6.1,-2.8,-2.725,-2.45,-2.075,-2.0,-1.664,-1.26,1.0,-6.05,-1.7,-1.3,-0.81,30.0,20.0,10.0,100.0,50.0,400.0,8000.0,-2.7,0.0,6.0,666.0,-7.0,-1.45,170.0,-0.65,-1.2,-1.7,-1.2,10.0,-0.61,-2.1,-1.55,-1.3,-2.0,-1.0,-2.0,-0.2,-0.185,-0.185,6.0,-0.275,-0.8,-2.1,-0.375,1.0,50.0,-0.75,-0.6,-5.0,-3.8,,False
80,,56.495481395669721,7.9337446368595881,,,6.9129296365668171,25.497050545164221,0.41352813707292085,14.355100306631654,0.23282054539769889,,,,,217.55288397738701,0.0899458,180.04542754959277,,0.16626191863505227,,2.649507466766829,"Gauss2d, vertical, t_exp = 15.0ms, OD_max = 0.0",,55.807852536810152,7.9496745277348246,,,6.908235717367802,25.353295615109989,0.41808142666518694,14.270472156346724,0.23532326258718969,,,,,217.55650922414722,0.0902697,180.04622675718022,,0.16436176490128768,,2.657459062821689,"Gauss2d, vertical, t_exp = 15.0ms, OD_max = 0.0",,56.495481395669721,7.9337446368595881,,,6.9129296365668171,0.560278,25.497050545164221,0.41352813707292085,14.355100306631654,0.23282054539769889,,,,,217.55288397738701,0.159759,180.04542754959277,0.0899458,0.16626191863505227,,2.649507466766829,,,,,,,,,,"Gauss2d, vertical, t_exp = 15.0ms, OD_max = 0.0",,,,,,,,,,,,,,,,,21.0,22.0,200.0,520.0,-1.95,-3.5,-6.1,-2.8,-2.725,-2.45,-2.075,-2.0,-1.664,-1.26,1.0,-6.05,-1.7,-1.3,-0.81,30.0,20.0,10.0,100.0,50.0,400.0,8000.0,-2.7,0.0,6.0,666.0,-7.0,-1.45,170.0,-0.65,-1.2,-1.7,-1.2,10.0,-0.61,-2.1,-1.55,-1.3,-2.0,-1.0,-2.0,-0.2,-0.185,-0.185,6.0,-0.275,-0.8,-2.1,-0.375,1.0,50.0,-0.75,-0.6,-5.0,-3.8,,False
81,,,,,,,,,,,,,,,,,,,,,,,,56.444292116501209,12.853632771222717,,,7.5210046545381362,23.806961755964977,0.62748074489831929,14.118377770280738,0.37211851325631146,,,,,209.36290019397285,0.142826,180.17626117599553,,0.15057338428667572,,4.4596539446163739,"Gauss2d, vertical, t_exp = 15.0ms, OD_max = 0.0",,,,,,,,,,,,,,,,,,,,,,,,,,,,,,,,,,,,,,,,,,,,,,,,,2.0,22.0,200.0,502.0,-1.95,-3.5,-6.1,-2.8,-2.725,-2.45,-2.075,-2.0,-1.664,-1.26,1.0,-6.05,-1.7,-1.3,-0.81,30.0,20.0,10.0,100.0,50.0,400.0,8000.0,-2.7,0.0,6.0,666.0,-7.0,-1.45,170.0,-0.65,-1.2,-1.7,-1.2,10.0,-0.61,-2.1,-1.55,-1.3,-2.0,-1.0,-2.0,-0.2,-0.185,-0.185,6.0,-0.275,-0.8,-2.1,-0.375,1.0,50.0,-0.75,-0.6,-5.0,-3.8,,False
82,,,,,,,,,,,,,,,,,,,,,,,,66.947146070974483,20.790889467472137,,,7.970363805493724,25.894063320651597,0.9310215111970902,14.52774861695187,0.52234538227319727,,,,,211.52871452451973,0.200307,179.84592564756875,,0.17104910696184478,,6.8144972968560662,"Gauss2d, vertical, t_exp = 15.0ms, OD_max = 0.0",,,,,,,,,,,,,,,,,,,,,,,,,,,,,,,,,,,,,,,,,,,,,,,,,12.0,22.0,200.0,512.0,-1.95,-3.5,-6.1,-2.8,-2.725,-2.45,-2.075,-2.0,-1.664,-1.26,1.0,-6.05,-1.7,-1.3,-0.81,30.0,20.0,10.0,100.0,50.0,400.0,8000.0,-2.7,0.0,6.0,666.0,-7.0,-1.45,170.0,-0.65,-1.2,-1.7,-1.2,10.0,-0.61,-2.1,-1.55,-1.3,-2.0,-1.0,-2.0,-0.2,-0.185,-0.185,6.0,-0.275,-0.8,-2.1,-0.375,1.0,50.0,-0.75,-0.6,-5.0,-3.8,,False
83,,,,,,,,,,,,,,,,,,,,,,,,62.171906475098268,17.876271012237538,,,7.6812528603786934,24.122361327666145,0.80292926704883583,15.027505785431613,0.50020077313482769,,,,,216.4523403566308,0.191873,181.38510486527829,,0.16045373881024574,,5.9699782245460575,"Gauss2d, vertical, t_exp = 15.0ms, OD_max = 0.0",,,,,,,,,,,,,,,,,,,,,,,,,,,,,,,,,,,,,,,,,,,,,,,,,3.0,22.0,200.0,502.0,-1.95,-3.5,-6.1,-2.8,-2.725,-2.45,-2.075,-2.0,-1.664,-1.26,1.0,-6.05,-1.7,-1.3,-0.81,30.0,20.0,10.0,100.0,50.0,400.0,8000.0,-2.7,0.0,6.0,666.0,-7.0,-1.45,170.0,-0.65,-1.2,-1.7,-1.2,10.0,-0.61,-2.1,-1.55,-1.3,-2.0,-1.0,-2.0,-0.2,-0.185,-0.185,6.0,-0.275,-0.8,-2.1,-0.375,1.0,50.0,-0.75,-0.6,-5.0,-3.8,,False
84,,,,,,,,,,,,,,,,,,,,,,,,55.487825534346804,14.576459155678377,,,7.2041603358587256,23.92481218494364,0.72748087763786318,14.418178507204518,0.43841313913464547,,,,,219.45821316664237,0.168238,182.40880309294883,,0.15390801075551988,,4.9915493752888924,"Gauss2d, vertical, t_exp = 15.0ms, OD_max = 0.0",,,,,,,,,,,,,,,,,,,,,,,,,,,,,,,,,,,,,,,,,,,,,,,,,6.0,22.0,200.0,506.0,-1.95,-3.5,-6.1,-2.8,-2.725,-2.45,-2.075,-2.0,-1.664,-1.26,1.0,-6.05,-1.7,-1.3,-0.81,30.0,20.0,10.0,100.0,50.0,400.0,8000.0,-2.7,0.0,6.0,666.0,-7.0,-1.45,170.0,-0.65,-1.2,-1.7,-1.2,10.0,-0.61,-2.1,-1.55,-1.3,-2.0,-1.0,-2.0,-0.2,-0.185,-0.185,6.0,-0.275,-0.8,-2.1,-0.375,1.0,50.0,-0.75,-0.6,-5.0,-3.8,,False
